1,ALBA,1017,MUNICIPIUL ALBA IULIA
1,ALBA,1213,MUNICIPIUL AIUD
1,ALBA,1348,MUNICIPIUL BLAJ
1,ALBA,1874,MUNICIPIUL SEBES
1,ALBA,1151,ORAS ABRUD
1,ALBA,2915,ORAS BAIA DE ARIES
1,ALBA,1455,ORAS CAMPENI
1,ALBA,1696,ORAS CUGIR
1,ALBA,1794,ORAS OCNA MURES
1,ALBA,8096,ORAS TEIUS
1,ALBA,1936,ORAS ZLATNA
1,ALBA,2130,ALBAC
1,ALBA,2309,ALMASU MARE
1,ALBA,2381,ARIESENI
1,ALBA,2577,AVRAM IANCU
1,ALBA,2988,BERGHIN
1,ALBA,3039,BISTRA
1,ALBA,3397,BLANDIANA
1,ALBA,9026,BUCERDEA GRANOASA
1,ALBA,3459,BUCIUM
1,ALBA,4106,CALNIC
1,ALBA,3761,CENADE
1,ALBA,3805,CERGAU
1,ALBA,3841,CERU-BACAINTI
1,ALBA,3958,CETATEA DE BALTA
1,ALBA,1071,CIUGUD
1,ALBA,4008,CIURULEASA
1,ALBA,4188,CRACIUNELU DE JOS
1,ALBA,4142,CRICAU
1,ALBA,9019,CUT
1,ALBA,4240,DAIA ROMANA
1,ALBA,4268,DOSTAT
1,ALBA,4302,FARAU
1,ALBA,4366,GALDA DE JOS
1,ALBA,4482,GARBOVA
1,ALBA,4525,GARDA DE SUS
1,ALBA,4703,HOPARTA
1,ALBA,4767,HOREA
1,ALBA,4927,IGHIU
1,ALBA,4981,INTREGALDE
1,ALBA,5103,JIDVEI
1,ALBA,5167,LIVEZILE
1,ALBA,5210,LOPADEA NOUA
1,ALBA,5309,LUNCA MURESULUI
1,ALBA,5336,LUPSA
1,ALBA,5577,METES
1,ALBA,5700,MIHALT
1,ALBA,5755,MIRASLAU
1,ALBA,5826,MOGOS
1,ALBA,6048,NOSLAC
1,ALBA,6119,OCOLIS
1,ALBA,6164,OHABA
1,ALBA,6217,PIANU
1,ALBA,6271,POIANA VADULUI
1,ALBA,6397,PONOR
1,ALBA,6468,POSAGA
1,ALBA,6547,RADESTI
1,ALBA,6627,RAMET
1,ALBA,6592,RAMETEA
1,ALBA,6930,ROSIA DE SECAS
1,ALBA,6761,ROSIA MONTANA
1,ALBA,6976,SALCIUA
1,ALBA,7044,SALISTEA
1,ALBA,7348,SANCEL
1,ALBA,7384,SANTIMBRU
1,ALBA,7099,SASCIORI
1,ALBA,7197,SCARISOARA
1,ALBA,7810,SIBOT
1,ALBA,7446,SOHODOL
1,ALBA,7865,SONA
1,ALBA,7945,SPRING
1,ALBA,7767,STREMT
1,ALBA,8014,SUGAG
1,ALBA,8158,UNIREA
1,ALBA,8229,VADU MOTILOR
1,ALBA,8354,VALEA LUNGA
1,ALBA,8425,VIDRA
1,ALBA,8826,VINTU DE JOS
2,ARAD,9262,MUNICIPIUL ARAD
2,ARAD,9459,ORAS CHISINEU-CRIS
2,ARAD,9495,ORAS CURTICI
2,ARAD,9538,ORAS INEU
2,ARAD,9574,ORAS LIPOVA
2,ARAD,9627,ORAS NADLAC
2,ARAD,9654,ORAS PANCOTA
2,ARAD,11584,ORAS PECICA
2,ARAD,12091,ORAS SANTANA
2,ARAD,9690,ORAS SEBIS
2,ARAD,9743,ALMAS
2,ARAD,9798,APATEU
2,ARAD,9832,ARCHIS
2,ARAD,10051,BARSA
2,ARAD,10104,BARZAVA
2,ARAD,9887,BATA
2,ARAD,9930,BELIU
2,ARAD,10006,BIRCHIS
2,ARAD,10195,BOCSIG
2,ARAD,10239,BRAZII
2,ARAD,10293,BUTENI
2,ARAD,10346,CARAND
2,ARAD,10373,CERMEI
2,ARAD,10417,CHISINDIA
2,ARAD,10453,CONOP
2,ARAD,10514,COVASINT
2,ARAD,10532,CRAIVA
2,ARAD,10649,DEZNA
2,ARAD,10701,DIECI
2,ARAD,12912,DOROBANTI
2,ARAD,9280,FANTANELE
2,ARAD,10827,FELNAC
2,ARAD,12920,FRUMUSENI
2,ARAD,10872,GHIOROC
2,ARAD,10916,GRANICERI
2,ARAD,10943,GURAHONT
2,ARAD,11174,HALMAGEL
2,ARAD,11058,HALMAGIU
2,ARAD,11236,HASMAS
2,ARAD,11307,IGNESTI
2,ARAD,11352,IRATOSU
2,ARAD,9333,LIVADA
2,ARAD,11398,MACEA
2,ARAD,11423,MISCA
2,ARAD,11478,MONEASA
2,ARAD,11502,OLARI
2,ARAD,11539,PAULIS
2,ARAD,11637,PEREGU MARE
2,ARAD,11664,PETRIS
2,ARAD,11735,PILU
2,ARAD,11762,PLESCUTA
2,ARAD,12144,SAGU
2,ARAD,11842,SAVARSIN
2,ARAD,11940,SECUSIGIU
2,ARAD,12206,SEITIN
2,ARAD,11995,SELEUS
2,ARAD,12037,SEMLAC
2,ARAD,12224,SEPREUS
2,ARAD,12242,SICULA
2,ARAD,12288,SILINDIA
2,ARAD,12340,SIMAND
2,ARAD,12055,SINTEA MARE
2,ARAD,12368,SIRIA
2,ARAD,12402,SISTAROVAT
2,ARAD,12126,SOCODOR
2,ARAD,9360,SOFRONEA
2,ARAD,12509,TARNOVA
2,ARAD,12457,TAUT
2,ARAD,10765,USUSAU
2,ARAD,12572,VARADIA DE MURES
2,ARAD,12689,VARFURILE
2,ARAD,12643,VINGA
2,ARAD,9397,VLADIMIRESCU
2,ARAD,12778,ZABRANI
2,ARAD,12938,ZADARENI
2,ARAD,12812,ZARAND
2,ARAD,12849,ZERIND
2,ARAD,12876,ZIMANDU NOU
3,ARGES,13169,MUNICIPIUL PITESTI
3,ARGES,13490,MUNICIPIUL CAMPULUNG
3,ARGES,13622,MUNICIPIUL CURTEA DE ARGES
3,ARGES,13668,ORAS COSTESTI
3,ARGES,13301,ORAS MIOVENI
3,ARGES,13392,ORAS STEFANESTI
3,ARGES,13757,ORAS TOPOLOVENI
3,ARGES,13819,ALBESTII DE ARGES
3,ARGES,13891,ALBESTII DE MUSCEL
3,ARGES,13935,ALBOTA
3,ARGES,13999,ANINOASA
3,ARGES,14049,AREFU
3,ARGES,14085,BABANA
3,ARGES,14165,BAICULESTI
3,ARGES,14272,BALILESTI
3,ARGES,14450,BARLA
3,ARGES,13187,BASCOV
3,ARGES,14352,BELETI-NEGRESTI
3,ARGES,14405,BEREVOESTI
3,ARGES,14584,BOGATI
3,ARGES,14673,BOTENI
3,ARGES,14726,BOTESTI
3,ARGES,13276,BRADU
3,ARGES,14753,BRADULET
3,ARGES,14851,BUDEASA
3,ARGES,14922,BUGHEA DE JOS
3,ARGES,20063,BUGHEA DE SUS
3,ARGES,14940,BUZOESTI
3,ARGES,15064,CALDARARU
3,ARGES,15108,CALINESTI
3,ARGES,15233,CATEASCA
3,ARGES,15313,CEPARI
3,ARGES,15402,CETATENI
3,ARGES,15448,CICANESTI
3,ARGES,15493,CIOFRANGENI
3,ARGES,15554,CIOMAGESTI
3,ARGES,15652,COCU
3,ARGES,15741,CORBENI
3,ARGES,15830,CORBI
3,ARGES,15901,COSESTI
3,ARGES,15983,COTMEANA
3,ARGES,16132,CUCA
3,ARGES,16329,DAMBOVICIOARA
3,ARGES,16365,DARMANESTI
3,ARGES,16285,DAVIDESTI
3,ARGES,16427,DOBRESTI
3,ARGES,16454,DOMNESTI
3,ARGES,16506,DRAGANU
3,ARGES,16472,DRAGOSLAVELE
3,ARGES,16551,GODENI
3,ARGES,16613,HARSESTI
3,ARGES,16659,HARTIESTI
3,ARGES,16739,IZVORU
3,ARGES,16757,LEORDENI
3,ARGES,16908,LERESTI
3,ARGES,16944,LUNCA CORBULUI
3,ARGES,17049,MALURENI
3,ARGES,13365,MARACINENI
3,ARGES,17101,MERISANI
3,ARGES,17209,MICESTI
3,ARGES,17254,MIHAESTI
3,ARGES,17334,MIOARELE
3,ARGES,17398,MIROSI
3,ARGES,17423,MORARESTI
3,ARGES,17496,MOSOAIA
3,ARGES,17575,MOZACENI
3,ARGES,17619,MUSATESTI
3,ARGES,17726,NEGRASI
3,ARGES,17771,NUCSOARA
3,ARGES,17824,OARJA
3,ARGES,17851,PIETROSANI
3,ARGES,18028,POIANA LACULUI
3,ARGES,17913,POIENARII DE ARGES
3,ARGES,17968,POIENARII DE MUSCEL
3,ARGES,18162,POPESTI
3,ARGES,18242,PRIBOIENI
3,ARGES,20048,RACA
3,ARGES,18331,RATESTI
3,ARGES,18411,RECEA
3,ARGES,18475,ROCIU
3,ARGES,18527,RUCAR
3,ARGES,18554,SALATRUCU
3,ARGES,18581,SAPATA
3,ARGES,18670,SCHITU GOLESTI
3,ARGES,18741,SLOBOZIA
3,ARGES,18778,STALPENI
3,ARGES,19114,STEFAN CEL MARE
3,ARGES,18858,STOENESTI
3,ARGES,18938,STOLNICI
3,ARGES,19141,SUICI
3,ARGES,19007,SUSENI
3,ARGES,19212,TEIU
3,ARGES,19249,TIGVENI
3,ARGES,19338,TITESTI
3,ARGES,19392,UDA
3,ARGES,19560,UNGHENI
3,ARGES,19631,VALEA DANULUI
3,ARGES,19695,VALEA IASULUI
3,ARGES,13524,VALEA MARE PRAVAT
3,ARGES,19793,VEDEA
3,ARGES,19999,VLADESTI
3,ARGES,20055,VULTURESTI
4,BACAU,20297,MUNICIPIUL BACAU
4,BACAU,20876,MUNICIPIUL MOINESTI
4,BACAU,20563,MUNICIPIUL ONESTI
4,BACAU,20778,ORAS BUHUSI
4,BACAU,20821,ORAS COMANESTI
4,BACAU,22166,ORAS DARMANESTI
4,BACAU,20910,ORAS SLANIC-MOLDOVA
4,BACAU,20965,ORAS TARGU OCNA
4,BACAU,21007,AGAS
4,BACAU,21098,ARDEOANI
4,BACAU,21123,ASAU
4,BACAU,21196,BALCANI
4,BACAU,21454,BARSANESTI
4,BACAU,21249,BERESTI-BISTRITA
4,BACAU,21338,BERESTI-TAZLAU
4,BACAU,21418,BERZUNTI
4,BACAU,21506,BLAGESTI
4,BACAU,21560,BOGDANESTI
4,BACAU,21597,BRUSTUROASA
4,BACAU,26338,BUCIUMI
4,BACAU,21668,BUHOCI
4,BACAU,21757,CAIUTI
4,BACAU,21720,CASIN
4,BACAU,21855,CLEJA
4,BACAU,21891,COLONESTI
4,BACAU,21971,CORBASCA
4,BACAU,22059,COTOFANESTI
4,BACAU,22111,DAMIENESTI
4,BACAU,22237,DEALU MORII
4,BACAU,22380,DOFTEANA
4,BACAU,22460,FARAOANI
4,BACAU,22488,FILIPENI
4,BACAU,22576,FILIPESTI
4,BACAU,22665,GAICEANA
4,BACAU,22781,GARLENI
4,BACAU,22718,GHIMES-FAGET
4,BACAU,26346,GIOSENI
4,BACAU,22834,GLAVANESTI
4,BACAU,20607,GURA VAII
4,BACAU,22898,HELEGIU
4,BACAU,20313,HEMEIUS
4,BACAU,22941,HORGESTI
4,BACAU,23047,HURUIESTI
4,BACAU,26379,ITESTI
4,BACAU,23127,IZVORU BERHECIULUI
4,BACAU,20359,LETEA VECHE
4,BACAU,23207,LIPOVA
4,BACAU,23289,LIVEZI
4,BACAU,23350,LUIZI-CALUGARA
4,BACAU,23387,MAGIRESTI
4,BACAU,20411,MAGURA
4,BACAU,23449,MANASTIREA CASIN
4,BACAU,20466,MARGINENI
4,BACAU,23494,MOTOSENI
4,BACAU,23644,NEGRI
4,BACAU,23715,NICOLAE BALCESCU
4,BACAU,26353,ODOBESTI
4,BACAU,23797,OITUZ
4,BACAU,23868,ONCESTI
4,BACAU,23948,ORBENI
4,BACAU,23975,PALANCA
4,BACAU,24187,PANCESTI
4,BACAU,24034,PARAVA
4,BACAU,24276,PARGARESTI
4,BACAU,24089,PARINCEA
4,BACAU,24338,PARJOL
4,BACAU,24427,PLOPANA
4,BACAU,24524,PODU TURCULUI
4,BACAU,24631,PODURI
4,BACAU,26361,PRAJESTI
4,BACAU,24766,RACACIUNI
4,BACAU,24837,RACHITOASA
4,BACAU,24711,RACOVA
4,BACAU,24999,ROSIORI
4,BACAU,25148,SANDULENI
4,BACAU,26320,SARATA
4,BACAU,25068,SASCUT
4,BACAU,25228,SAUCESTI
4,BACAU,25291,SCORTENI
4,BACAU,25362,SECUIENI
4,BACAU,25488,SOLONT
4,BACAU,25521,STANISESTI
4,BACAU,20670,STEFAN CEL MARE
4,BACAU,25629,STRUGARI
4,BACAU,25692,TAMASI
4,BACAU,25825,TARGU TROTUS
4,BACAU,25745,TATARASTI
4,BACAU,25861,TRAIAN
4,BACAU,25932,UNGURENI
4,BACAU,26029,URECHESTI
4,BACAU,26083,VALEA SEACA
4,BACAU,26118,VULTURENI
4,BACAU,26289,ZEMES
5,BIHOR,26564,MUNICIPIUL ORADEA
5,BIHOR,26804,MUNICIPIUL BEIUS
5,BIHOR,26877,MUNICIPIUL MARGHITA
5,BIHOR,26975,MUNICIPIUL SALONTA
5,BIHOR,26699,ORAS ALESD
5,BIHOR,26920,ORAS NUCET
5,BIHOR,30915,ORAS SACUENI
5,BIHOR,26840,ORAS STEI
5,BIHOR,32027,ORAS VALEA LUI MIHAI
5,BIHOR,27007,ORAS VASCAU
5,BIHOR,27070,ABRAM
5,BIHOR,27169,ABRAMUT
5,BIHOR,26742,ASTILEU
5,BIHOR,27212,AUSEU
5,BIHOR,27285,AVRAM IANCU
5,BIHOR,27329,BALC
5,BIHOR,27383,BATAR
5,BIHOR,27436,BIHARIA
5,BIHOR,27506,BOIANU MARE
5,BIHOR,27560,BOROD
5,BIHOR,27631,BORS
5,BIHOR,27686,BRATCA
5,BIHOR,27757,BRUSTURI
5,BIHOR,27846,BUDUREASA
5,BIHOR,27908,BUDUSLAU
5,BIHOR,27935,BULZ
5,BIHOR,27971,BUNTESTI
5,BIHOR,28077,CABESTI
5,BIHOR,28709,CAMPANI
5,BIHOR,28139,CAPALNA
5,BIHOR,28193,CARPINET
5,BIHOR,28246,CEFA
5,BIHOR,28335,CEICA
5,BIHOR,28415,CETARIU
5,BIHOR,28497,CHERECHIU
5,BIHOR,28530,CHISLAZ
5,BIHOR,28665,CIUMEGHIU
5,BIHOR,28763,COCIUBA MARE
5,BIHOR,28816,COPACEL
5,BIHOR,28889,CRISTIORU DE JOS
5,BIHOR,28941,CURATELE
5,BIHOR,29001,CURTUISENI
5,BIHOR,29038,DERNA
5,BIHOR,29092,DIOSIG
5,BIHOR,29154,DOBRESTI
5,BIHOR,29243,DRAGANESTI
5,BIHOR,29341,DRAGESTI
5,BIHOR,29403,FINIS
5,BIHOR,32195,GEPIU
5,BIHOR,29467,GIRISU DE CRIS
5,BIHOR,29519,HIDISELU DE SUS
5,BIHOR,29573,HOLOD
5,BIHOR,29662,HUSASAU DE TINCA
5,BIHOR,29724,INEU
5,BIHOR,29813,LAZARENI
5,BIHOR,29760,LAZURI DE BEIUS
5,BIHOR,29902,LUGASU DE JOS
5,BIHOR,29948,LUNCA
5,BIHOR,30014,MADARAS
5,BIHOR,30069,MAGESTI
5,BIHOR,30149,NOJORID
5,BIHOR,30229,OLCEA
5,BIHOR,30274,OSORHEI
5,BIHOR,32161,PALEU
5,BIHOR,30336,PIETROASA
5,BIHOR,30416,POCOLA
5,BIHOR,30470,POMEZEU
5,BIHOR,30568,POPESTI
5,BIHOR,30648,RABAGANI
5,BIHOR,30719,REMETEA
5,BIHOR,30773,RIENI
5,BIHOR,30844,ROSIA
5,BIHOR,32187,ROSIORI
5,BIHOR,30871,SACADAT
5,BIHOR,30988,SALACEA
5,BIHOR,31011,SALARD
5,BIHOR,31057,SAMBATA
5,BIHOR,28610,SANIOB
5,BIHOR,26582,SANMARTIN
5,BIHOR,32179,SANNICOLAU ROMAN
5,BIHOR,26653,SANTANDREI
5,BIHOR,31128,SARBI
5,BIHOR,31333,SIMIAN
5,BIHOR,31379,SINTEU
5,BIHOR,31422,SOIMI
5,BIHOR,31208,SPINUS
5,BIHOR,31510,SUNCUIUS
5,BIHOR,31262,SUPLACU DE BARCAU
5,BIHOR,32153,TAMASEU
5,BIHOR,31609,TARCAIA
5,BIHOR,31565,TARCEA
5,BIHOR,31654,TAUTEU
5,BIHOR,31878,TETCHEA
5,BIHOR,31716,TILEAGD
5,BIHOR,31789,TINCA
5,BIHOR,32201,TOBOLIU
5,BIHOR,31841,TULCA
5,BIHOR,31921,UILEACU DE BEIUS
5,BIHOR,31976,VADU CRISULUI
5,BIHOR,32090,VARCIOROG
5,BIHOR,32045,VIISOARA
6,BISTRITA-NASAUD,32394,MUNICIPIUL BISTRITA
6,BISTRITA-NASAUD,32483,ORAS BECLEAN
6,BISTRITA-NASAUD,32544,ORAS NASAUD
6,BISTRITA-NASAUD,32599,ORAS SANGEORZ-BAI
6,BISTRITA-NASAUD,32633,BISTRITA BARGAULUI
6,BISTRITA-NASAUD,32660,BRANISTEA
6,BISTRITA-NASAUD,32704,BUDACU DE JOS
6,BISTRITA-NASAUD,32768,BUDESTI
6,BISTRITA-NASAUD,32811,CAIANU MIC
6,BISTRITA-NASAUD,32884,CETATE
6,BISTRITA-NASAUD,33015,CHIOCHIS
6,BISTRITA-NASAUD,33122,CHIUZA
6,BISTRITA-NASAUD,32955,CICEU-GIURGESTI
6,BISTRITA-NASAUD,179953,CICEU-MIHAIESTI
6,BISTRITA-NASAUD,33177,COSBUC
6,BISTRITA-NASAUD,33202,DUMITRA
6,BISTRITA-NASAUD,179686,DUMITRITA
6,BISTRITA-NASAUD,33248,FELDRU
6,BISTRITA-NASAUD,33275,GALATII BISTRITEI
6,BISTRITA-NASAUD,33337,ILVA MARE
6,BISTRITA-NASAUD,33364,ILVA MICA
6,BISTRITA-NASAUD,33382,JOSENII BARGAULUI
6,BISTRITA-NASAUD,33435,LECHINTA
6,BISTRITA-NASAUD,33514,LESU
6,BISTRITA-NASAUD,33541,LIVEZILE
6,BISTRITA-NASAUD,33603,LUNCA ILVEI
6,BISTRITA-NASAUD,33729,MAGURA ILVEI
6,BISTRITA-NASAUD,33621,MAIERU
6,BISTRITA-NASAUD,33765,MARISELU
6,BISTRITA-NASAUD,33658,MATEI
6,BISTRITA-NASAUD,33845,MICESTII DE CAMPIE
6,BISTRITA-NASAUD,33881,MILAS
6,BISTRITA-NASAUD,33952,MONOR
6,BISTRITA-NASAUD,179659,NEGRILESTI
6,BISTRITA-NASAUD,33989,NIMIGEA
6,BISTRITA-NASAUD,34075,NUSENI
6,BISTRITA-NASAUD,34155,PARVA
6,BISTRITA-NASAUD,34173,PETRU RARES
6,BISTRITA-NASAUD,179720,POIANA ILVEI
6,BISTRITA-NASAUD,34235,PRUNDU BARGAULUI
6,BISTRITA-NASAUD,34262,REBRA
6,BISTRITA-NASAUD,34280,REBRISOARA
6,BISTRITA-NASAUD,34333,RODNA
6,BISTRITA-NASAUD,34360,ROMULI
6,BISTRITA-NASAUD,179944,RUNCU SALVEI
6,BISTRITA-NASAUD,34397,SALVA
6,BISTRITA-NASAUD,34477,SANMIHAIU DE CAMPIE
6,BISTRITA-NASAUD,34618,SANT
6,BISTRITA-NASAUD,34645,SIEU
6,BISTRITA-NASAUD,34690,SIEU-MAGHERUS
6,BISTRITA-NASAUD,34770,SIEU-ODORHEI
6,BISTRITA-NASAUD,34850,SIEUT
6,BISTRITA-NASAUD,34422,SILIVASU DE CAMPIE
6,BISTRITA-NASAUD,34903,SINTEREAG
6,BISTRITA-NASAUD,34547,SPERMEZEU
6,BISTRITA-NASAUD,35152,TARLISUA
6,BISTRITA-NASAUD,34985,TEACA
6,BISTRITA-NASAUD,35054,TELCIU
6,BISTRITA-NASAUD,35090,TIHA BARGAULUI
6,BISTRITA-NASAUD,35269,URIU
6,BISTRITA-NASAUD,35312,URMENIS
6,BISTRITA-NASAUD,35429,ZAGRA
7,BOTOSANI,35731,MUNICIPIUL BOTOSANI
7,BOTOSANI,36006,MUNICIPIUL DOROHOI
7,BOTOSANI,36453,ORAS BUCECEA
7,BOTOSANI,35946,ORAS DARABANI
7,BOTOSANI,37280,ORAS FLAMANZI
7,BOTOSANI,36060,ORAS SAVENI
7,BOTOSANI,39168,ORAS STEFANESTI
7,BOTOSANI,40035,ADASENI
7,BOTOSANI,36131,ALBESTI
7,BOTOSANI,36202,AVRAMENI
7,BOTOSANI,36300,BALUSENI
7,BOTOSANI,39983,BLANDESTI
7,BOTOSANI,36373,BRAESTI
7,BOTOSANI,36426,BROSCAUTI
7,BOTOSANI,36499,CALARASI
7,BOTOSANI,39967,CANDESTI
7,BOTOSANI,36532,CONCESTI
7,BOTOSANI,36569,COPALAU
7,BOTOSANI,36649,CORDARENI
7,BOTOSANI,36676,CORLATENI
7,BOTOSANI,36756,CORNI
7,BOTOSANI,39975,COSULA
7,BOTOSANI,36809,COTUSCA
7,BOTOSANI,36907,CRISTESTI
7,BOTOSANI,36952,CRISTINESTI
7,BOTOSANI,35759,CURTESTI
7,BOTOSANI,37057,DANGENI
7,BOTOSANI,37011,DERSCA
7,BOTOSANI,39959,DIMACHENI
7,BOTOSANI,37100,DOBARCENI
7,BOTOSANI,37173,DRAGUSENI
7,BOTOSANI,37217,DURNESTI
7,BOTOSANI,37324,FRUMUSICA
7,BOTOSANI,37397,GEORGE ENESCU
7,BOTOSANI,37459,GORBANESTI
7,BOTOSANI,37618,HANESTI
7,BOTOSANI,37547,HAVARNA
7,BOTOSANI,37672,HILISEU-HORIA
7,BOTOSANI,37734,HLIPICENI
7,BOTOSANI,37770,HUDESTI
7,BOTOSANI,37823,IBANESTI
7,BOTOSANI,37850,LEORDA
7,BOTOSANI,39942,LOZNA
7,BOTOSANI,37912,LUNCA
7,BOTOSANI,37958,MANOLEASA
7,BOTOSANI,38063,MIHAI EMINESCU
7,BOTOSANI,38161,MIHAILENI
7,BOTOSANI,38241,MIHALASENI
7,BOTOSANI,38321,MILEANCA
7,BOTOSANI,38376,MITOC
7,BOTOSANI,38456,NICSENI
7,BOTOSANI,38492,PALTINIS
7,BOTOSANI,38544,POMARLA
7,BOTOSANI,38580,PRAJENI
7,BOTOSANI,35839,RACHITI
7,BOTOSANI,38633,RADAUTI-PRUT
7,BOTOSANI,38679,RAUSENI
7,BOTOSANI,38731,RIPICENI
7,BOTOSANI,38811,ROMA
7,BOTOSANI,38848,ROMANESTI
7,BOTOSANI,38893,SANTA MARE
7,BOTOSANI,39122,SENDRICENI
7,BOTOSANI,35884,STAUCENI
7,BOTOSANI,39220,STIUBIENI
7,BOTOSANI,38982,SUHARAU
7,BOTOSANI,39051,SULITA
7,BOTOSANI,39266,TODIRENI
7,BOTOSANI,39328,TRUSESTI
7,BOTOSANI,39391,TUDORA
7,BOTOSANI,39417,UNGURENI
7,BOTOSANI,39532,UNTENI
7,BOTOSANI,39612,VACULESTI
7,BOTOSANI,39694,VARFU CAMPULUI
7,BOTOSANI,39658,VIISOARA
7,BOTOSANI,39738,VLADENI
7,BOTOSANI,39792,VLASINESTI
7,BOTOSANI,39836,VORNICENI
7,BOTOSANI,39872,VORONA
8,BRASOV,40198,MUNICIPIUL BRASOV
8,BRASOV,40241,MUNICIPIUL CODLEA
8,BRASOV,40278,MUNICIPIUL FAGARAS
8,BRASOV,40438,MUNICIPIUL SACELE
8,BRASOV,40214,ORAS GHIMBAV
8,BRASOV,40303,ORAS PREDEAL
8,BRASOV,40367,ORAS RASNOV
8,BRASOV,40394,ORAS RUPEA
8,BRASOV,40465,ORAS VICTORIA
8,BRASOV,40492,ORAS ZARNESTI
8,BRASOV,40526,APATA
8,BRASOV,42498,AUGUSTIN
8,BRASOV,40544,BECLEAN
8,BRASOV,40606,BOD
8,BRASOV,40633,BRAN
8,BRASOV,40688,BUDILA
8,BRASOV,40704,BUNESTI
8,BRASOV,40768,CATA
8,BRASOV,40820,CINCU
8,BRASOV,40857,COMANA
8,BRASOV,40900,CRISTIAN
8,BRASOV,42456,CRIZBAV
8,BRASOV,42480,DRAGUS
8,BRASOV,40928,DUMBRAVITA
8,BRASOV,40955,FELDIOARA
8,BRASOV,40991,FUNDATA
8,BRASOV,41033,HALCHIU
8,BRASOV,41088,HARMAN
8,BRASOV,41113,HARSENI
8,BRASOV,41177,HOGHIZ
8,BRASOV,42472,HOLBAV
8,BRASOV,41248,HOMOROD
8,BRASOV,41284,JIBERT
8,BRASOV,41346,LISA
8,BRASOV,41382,MAIERUS
8,BRASOV,41417,MANDRA
8,BRASOV,41471,MOIECIU
8,BRASOV,41541,ORMENIS
8,BRASOV,41578,PARAU
8,BRASOV,41621,POIANA MARULUI
8,BRASOV,41667,PREJMER
8,BRASOV,41701,RACOS
8,BRASOV,41738,RECEA
8,BRASOV,42464,SAMBATA DE SUS
8,BRASOV,41925,SANPETRU
8,BRASOV,41818,SERCAIA
8,BRASOV,41854,SINCA
8,BRASOV,42449,SINCA NOUA
8,BRASOV,41943,SOARS
8,BRASOV,42003,TARLUNGENI
8,BRASOV,42058,TELIU
8,BRASOV,42076,TICUSU
8,BRASOV,42101,UCEA
8,BRASOV,42156,UNGRA
8,BRASOV,42183,VAMA BUZAULUI
8,BRASOV,42236,VISTEA
8,BRASOV,42307,VOILA
8,BRASOV,42398,VULCAN
9,BRAILA,42682,MUNICIPIUL BRAILA
9,BRAILA,42753,ORAS FAUREI
9,BRAILA,43331,ORAS IANCA
9,BRAILA,43411,ORAS INSURATEI
9,BRAILA,42824,BARAGANUL
9,BRAILA,42842,BERTESTII DE JOS
9,BRAILA,42913,BORDEI VERDE
9,BRAILA,44560,CAZASU
9,BRAILA,42708,CHISCANI
9,BRAILA,42968,CIOCILE
9,BRAILA,43019,CIRESU
9,BRAILA,43073,DUDESTI
9,BRAILA,43117,FRECATEI
9,BRAILA,43180,GALBENU
9,BRAILA,43242,GEMENELE
9,BRAILA,43279,GRADISTEA
9,BRAILA,43313,GROPENI
9,BRAILA,43466,JIRLAU
9,BRAILA,43493,MARASU
9,BRAILA,43563,MAXINENI
9,BRAILA,43625,MIRCEA VODA
9,BRAILA,43652,MOVILA MIRESII
9,BRAILA,43698,RACOVITA
9,BRAILA,43732,RAMNICELU
9,BRAILA,43787,ROMANU
9,BRAILA,43812,ROSIORI
9,BRAILA,43867,SALCIA TUDOR
9,BRAILA,43929,SCORTARU NOU
9,BRAILA,43992,SILISTEA
9,BRAILA,44060,STANCUTA
9,BRAILA,44113,SURDILA-GAISEANCA
9,BRAILA,42771,SURDILA-GRECI
9,BRAILA,44140,SUTESTI
9,BRAILA,44177,TICHILESTI
9,BRAILA,44202,TRAIAN
9,BRAILA,44257,TUDOR VLADIMIRESCU
9,BRAILA,44300,TUFESTI
9,BRAILA,44328,ULMU
9,BRAILA,44355,UNIREA
9,BRAILA,44391,VADENI
9,BRAILA,44435,VICTORIA
9,BRAILA,44462,VISANI
9,BRAILA,44505,VIZIRU
9,BRAILA,44532,ZAVOAIA
10,BUZAU,44818,MUNICIPIUL BUZAU
10,BUZAU,44845,MUNICIPIUL RAMNICU SARAT
10,BUZAU,47916,ORAS NEHOIU
10,BUZAU,48325,ORAS PATARLAGELE
10,BUZAU,48744,ORAS POGOANELE
10,BUZAU,44863,AMARU
10,BUZAU,44989,BALACEANU
10,BUZAU,44934,BALTA ALBA
10,BUZAU,45003,BECENI
10,BUZAU,45101,BERCA
10,BUZAU,45245,BISOCA
10,BUZAU,45334,BLAJANI
10,BUZAU,45361,BOLDU
10,BUZAU,45389,BOZIORU
10,BUZAU,45496,BRADEANU
10,BUZAU,45539,BRAESTI
10,BUZAU,45619,BREAZA
10,BUZAU,45673,BUDA
10,BUZAU,45815,C.A. ROSETTI
10,BUZAU,45753,CALVINI
10,BUZAU,45888,CANESTI
10,BUZAU,45959,CATINA
10,BUZAU,46019,CERNATESTI
10,BUZAU,46108,CHILIILE
10,BUZAU,46180,CHIOJDU
10,BUZAU,46251,CILIBIA
10,BUZAU,46313,CISLAU
10,BUZAU,46377,COCHIRLEANCA
10,BUZAU,46439,COLTI
10,BUZAU,46484,COSTESTI
10,BUZAU,46554,COZIENI
10,BUZAU,50564,FLORICA
10,BUZAU,46769,GALBINASI
10,BUZAU,46803,GHERASENI
10,BUZAU,46830,GHERGHEASA
10,BUZAU,46867,GLODEANU SARAT
10,BUZAU,46910,GLODEANU-SILISTEA
10,BUZAU,47006,GREBANU
10,BUZAU,47079,GURA TEGHII
10,BUZAU,47159,LARGU
10,BUZAU,47186,LOPATARI
10,BUZAU,47300,LUCIU
10,BUZAU,47337,MAGURA
10,BUZAU,47630,MANZALESTI
10,BUZAU,47373,MARACINENI
10,BUZAU,47417,MARGARITESTI
10,BUZAU,47453,MEREI
10,BUZAU,47578,MIHAILESTI
10,BUZAU,47774,MOVILA BANULUI
10,BUZAU,47818,MURGESTI
10,BUZAU,47854,NAENI
10,BUZAU,48021,ODAILE
10,BUZAU,48138,PADINA
10,BUZAU,48227,PANATAU
10,BUZAU,48165,PARDOSI
10,BUZAU,48557,PARSCOV
10,BUZAU,48487,PIETROASELE
10,BUZAU,48682,PODGORIA
10,BUZAU,48771,POSTA CALNAU
10,BUZAU,48842,PUIESTI
10,BUZAU,48922,RACOVITENI
10,BUZAU,48968,RAMNICELU
10,BUZAU,49019,ROBEASCA
10,BUZAU,49046,RUSETU
10,BUZAU,49073,SAGEATA
10,BUZAU,49153,SAHATENI
10,BUZAU,49206,SAPOCA
10,BUZAU,49233,SARULESTI
10,BUZAU,49313,SCORTOASA
10,BUZAU,49439,SCUTELNICI
10,BUZAU,49484,SIRIU
10,BUZAU,49545,SMEENI
10,BUZAU,49625,STALPU
10,BUZAU,49849,TINTESTI
10,BUZAU,49643,TISAU
10,BUZAU,49769,TOPLICENI
10,BUZAU,49894,ULMENI
10,BUZAU,50549,UNGURIU
10,BUZAU,49956,VADU PASII
10,BUZAU,50399,VALCELELE
10,BUZAU,50022,VALEA RAMNICULUI
10,BUZAU,50068,VALEA SALCIEI
10,BUZAU,50102,VERNESTI
10,BUZAU,50228,VINTILA VODA
10,BUZAU,50326,VIPERESTI
10,BUZAU,50415,ZARNESTI
10,BUZAU,50479,ZIDURI
11,CARAS-SEVERIN,50790,MUNICIPIUL RESITA
11,CARAS-SEVERIN,51010,MUNICIPIUL CARANSEBES
11,CARAS-SEVERIN,50889,ORAS ANINA
11,CARAS-SEVERIN,50923,ORAS BAILE HERCULANE
11,CARAS-SEVERIN,50969,ORAS BOCSA
11,CARAS-SEVERIN,51056,ORAS MOLDOVA NOUA
11,CARAS-SEVERIN,51118,ORAS ORAVITA
11,CARAS-SEVERIN,51207,ORAS OTELU ROSU
11,CARAS-SEVERIN,51243,ARMENIS
11,CARAS-SEVERIN,51305,BANIA
11,CARAS-SEVERIN,51332,BAUTAR
11,CARAS-SEVERIN,51387,BERLISTE
11,CARAS-SEVERIN,51449,BERZASCA
11,CARAS-SEVERIN,51500,BERZOVIA
11,CARAS-SEVERIN,51546,BOLVASNITA
11,CARAS-SEVERIN,51573,BOZOVICI
11,CARAS-SEVERIN,51626,BREBU
11,CARAS-SEVERIN,51662,BREBU NOU
11,CARAS-SEVERIN,51699,BUCHIN
11,CARAS-SEVERIN,51751,BUCOSNITA
11,CARAS-SEVERIN,51804,CARASOVA
11,CARAS-SEVERIN,51840,CARBUNARI
11,CARAS-SEVERIN,51948,CICLOVA ROMANA
11,CARAS-SEVERIN,51984,CIUCHICI
11,CARAS-SEVERIN,52035,CIUDANOVITA
11,CARAS-SEVERIN,51877,CONSTANTIN DAICOVICIU
11,CARAS-SEVERIN,52062,COPACELE
11,CARAS-SEVERIN,52115,CORNEA
11,CARAS-SEVERIN,52160,CORNEREVA
11,CARAS-SEVERIN,53489,CORONINI
11,CARAS-SEVERIN,52570,DALBOSET
11,CARAS-SEVERIN,52650,DOCLIN
11,CARAS-SEVERIN,52696,DOGNECEA
11,CARAS-SEVERIN,52721,DOMASNEA
11,CARAS-SEVERIN,53700,EFTIMIE MURGU
11,CARAS-SEVERIN,52758,EZERIS
11,CARAS-SEVERIN,52785,FARLIUG
11,CARAS-SEVERIN,52856,FOROTIC
11,CARAS-SEVERIN,52909,GARNIC
11,CARAS-SEVERIN,52936,GLIMBOCA
11,CARAS-SEVERIN,52954,GORUIA
11,CARAS-SEVERIN,52990,GRADINARI
11,CARAS-SEVERIN,53023,IABLANITA
11,CARAS-SEVERIN,53069,LAPUSNICEL
11,CARAS-SEVERIN,53103,LAPUSNICU MARE
11,CARAS-SEVERIN,53130,LUNCAVITA
11,CARAS-SEVERIN,53167,LUPAC
11,CARAS-SEVERIN,53210,MARGA
11,CARAS-SEVERIN,53247,MAURENI
11,CARAS-SEVERIN,53274,MEHADIA
11,CARAS-SEVERIN,53327,MEHADICA
11,CARAS-SEVERIN,53345,NAIDAS
11,CARAS-SEVERIN,53372,OBREJA
11,CARAS-SEVERIN,50987,OCNA DE FIER
11,CARAS-SEVERIN,53425,PALTINIS
11,CARAS-SEVERIN,53513,POJEJENA
11,CARAS-SEVERIN,53577,PRIGOR
11,CARAS-SEVERIN,53675,RACASDIA
11,CARAS-SEVERIN,53639,RAMNA
11,CARAS-SEVERIN,53728,RUSCA MONTANA
11,CARAS-SEVERIN,53755,SACU
11,CARAS-SEVERIN,53791,SASCA MONTANA
11,CARAS-SEVERIN,53853,SICHEVITA
11,CARAS-SEVERIN,54056,SLATINA-TIMIS
11,CARAS-SEVERIN,54109,SOCOL
11,CARAS-SEVERIN,54163,SOPOTU NOU
11,CARAS-SEVERIN,54350,TARNOVA
11,CARAS-SEVERIN,54270,TEREGOVA
11,CARAS-SEVERIN,54305,TICVANIU MARE
11,CARAS-SEVERIN,54387,TOPLET
11,CARAS-SEVERIN,54412,TURNU RUIENI
11,CARAS-SEVERIN,54485,VALIUG
11,CARAS-SEVERIN,54500,VARADIA
11,CARAS-SEVERIN,54537,VERMES
11,CARAS-SEVERIN,54573,VRANI
11,CARAS-SEVERIN,54617,ZAVOI
11,CARAS-SEVERIN,54699,ZORLENTU MARE
51,CALARASI,92569,MUNICIPIUL CALARASI
51,CALARASI,100610,MUNICIPIUL OLTENITA
51,CALARASI,101458,ORAS BUDESTI
51,CALARASI,103032,ORAS FUNDULEA
51,CALARASI,93888,ORAS LEHLIU-GARA
51,CALARASI,94125,ALEXANDRU ODOBESCU
51,CALARASI,101083,BELCIUGATELE
51,CALARASI,92961,BORCEA
51,CALARASI,101724,CASCIOARELE
51,CALARASI,101804,CHIRNOGI
51,CALARASI,101822,CHISELET
51,CALARASI,93085,CIOCANESTI
51,CALARASI,180055,CRIVAT
51,CALARASI,102419,CURCANI
51,CALARASI,93281,CUZA VODA
51,CALARASI,93325,DICHISENI
51,CALARASI,93370,DOR MARUNT
51,CALARASI,93441,DOROBANTU
51,CALARASI,93487,DRAGALINA
51,CALARASI,93539,DRAGOS VODA
51,CALARASI,102838,FRASINET
51,CALARASI,102945,FRUMUSANI
51,CALARASI,103014,FUNDENI
51,CALARASI,179962,GALBINASI
51,CALARASI,93664,GRADISTEA
51,CALARASI,103568,GURBANESTI
51,CALARASI,103764,ILEANA
51,CALARASI,93771,INDEPENDENTA
51,CALARASI,93815,JEGALIA
51,CALARASI,93851,LEHLIU
51,CALARASI,104083,LUICA
51,CALARASI,93931,LUPSANU
51,CALARASI,104181,MANASTIREA
51,CALARASI,100638,MITRENI
51,CALARASI,92587,MODELU
51,CALARASI,104323,NANA
51,CALARASI,104341,NICOLAE BALCESCU
51,CALARASI,94223,PERISORU
51,CALARASI,104635,PLATARESTI
51,CALARASI,104751,RADOVANU
51,CALARASI,94312,ROSETI
51,CALARASI,104886,SARULESTI
51,CALARASI,105222,SOHATU
51,CALARASI,105384,SOLDANU
51,CALARASI,105259,SPANTOV
51,CALARASI,94562,STEFAN CEL MARE
51,CALARASI,94580,STEFAN VODA
51,CALARASI,105455,TAMADAU MARE
51,CALARASI,105605,ULMENI
51,CALARASI,94606,ULMU
51,CALARASI,94651,UNIREA
51,CALARASI,94731,VALCELELE
51,CALARASI,105712,VALEA ARGOVEI
51,CALARASI,105829,VASILATI
51,CALARASI,94768,VLAD TEPES
12,CLUJ,54975,MUNICIPIUL CLUJ-NAPOCA
12,CLUJ,55357,MUNICIPIUL CAMPIA TURZII
12,CLUJ,55008,MUNICIPIUL DEJ
12,CLUJ,55384,MUNICIPIUL GHERLA
12,CLUJ,55259,MUNICIPIUL TURDA
12,CLUJ,55446,ORAS HUEDIN
12,CLUJ,55473,AGHIRESU
12,CLUJ,55598,AITON
12,CLUJ,55623,ALUNIS
12,CLUJ,55687,APAHIDA
12,CLUJ,55776,ASCHILEU
12,CLUJ,55838,BACIU
12,CLUJ,55918,BAISOARA
12,CLUJ,56014,BELIS
12,CLUJ,56096,BOBALNA
12,CLUJ,56210,BONTIDA
12,CLUJ,56265,BORSA
12,CLUJ,56327,BUZA
12,CLUJ,56354,CAIANU
12,CLUJ,56425,CALARASI
12,CLUJ,56461,CALATELE
12,CLUJ,56522,CAMARASU
12,CLUJ,56568,CAPUSU MARE
12,CLUJ,56666,CASEIU
12,CLUJ,57314,CATCAU
12,CLUJ,56773,CATINA
12,CLUJ,56844,CEANU MARE
12,CLUJ,56988,CHINTENI
12,CLUJ,57083,CHIUIESTI
12,CLUJ,57163,CIUCEA
12,CLUJ,57225,CIURILA
12,CLUJ,57350,COJOCNA
12,CLUJ,57449,CORNESTI
12,CLUJ,55062,CUZDRIOARA
12,CLUJ,57546,DABACA
12,CLUJ,57582,FELEACU
12,CLUJ,57644,FIZESU GHERLII
12,CLUJ,57706,FLORESTI
12,CLUJ,57742,FRATA
12,CLUJ,57948,GARBAU
12,CLUJ,57831,GEACA
12,CLUJ,57902,GILAU
12,CLUJ,58008,IARA
12,CLUJ,58142,ICLOD
12,CLUJ,58204,IZVORU CRISULUI
12,CLUJ,55106,JICHISU DE JOS
12,CLUJ,58259,JUCU
12,CLUJ,58311,LUNA
12,CLUJ,58357,MAGURI-RACATAU
12,CLUJ,58393,MANASTIRENI
12,CLUJ,58464,MARGAU
12,CLUJ,58534,MARISEL
12,CLUJ,55160,MICA
12,CLUJ,55277,MIHAI VITEAZU
12,CLUJ,58552,MINTIU GHERLII
12,CLUJ,58623,MOCIU
12,CLUJ,58721,MOLDOVENESTI
12,CLUJ,60169,NEGRENI
12,CLUJ,58794,PALATCA
12,CLUJ,58856,PANTICEU
12,CLUJ,58918,PETRESTII DE JOS
12,CLUJ,58990,PLOSCOS
12,CLUJ,59041,POIENI
12,CLUJ,59238,RASCA
12,CLUJ,59130,RECEA-CRISTUR
12,CLUJ,59283,SACUIEU
12,CLUJ,59434,SANCRAIU
12,CLUJ,55311,SANDULESTI
12,CLUJ,59498,SANMARTIN
12,CLUJ,59586,SANPAUL
12,CLUJ,59327,SAVADISLA
12,CLUJ,59416,SIC
12,CLUJ,59657,SUATU
12,CLUJ,59826,TAGA
12,CLUJ,59693,TRITENII DE JOS
12,CLUJ,59764,TURENI
12,CLUJ,59880,UNGURAS
12,CLUJ,59942,VAD
12,CLUJ,60026,VALEA IERII
12,CLUJ,60062,VIISOARA
12,CLUJ,60099,VULTURENI
13,CONSTANTA,60419,MUNICIPIUL CONSTANTA
13,CONSTANTA,60482,MUNICIPIUL MANGALIA
13,CONSTANTA,60847,MUNICIPIUL MEDGIDIA
13,CONSTANTA,60776,ORAS CERNAVODA
13,CONSTANTA,60455,ORAS EFORIE
13,CONSTANTA,60801,ORAS HARSOVA
13,CONSTANTA,62360,ORAS MURFATLAR
13,CONSTANTA,60507,ORAS NAVODARI
13,CONSTANTA,62397,ORAS NEGRU VODA
13,CONSTANTA,60687,ORAS OVIDIU
13,CONSTANTA,60534,ORAS TECHIRGHIOL
13,CONSTANTA,60598,23 AUGUST
13,CONSTANTA,60883,ADAMCLISI
13,CONSTANTA,60570,AGIGEA
13,CONSTANTA,60945,ALBESTI
13,CONSTANTA,61005,ALIMAN
13,CONSTANTA,63198,AMZACEA
13,CONSTANTA,61069,BANEASA
13,CONSTANTA,63294,BARAGANU
13,CONSTANTA,61121,CASTELU
13,CONSTANTA,61167,CERCHEZU
13,CONSTANTA,61210,CHIRNOGENI
13,CONSTANTA,61256,CIOBANU
13,CONSTANTA,61283,CIOCARLIA
13,CONSTANTA,61318,COBADIN
13,CONSTANTA,61372,COGEALAC
13,CONSTANTA,61452,COMANA
13,CONSTANTA,61513,CORBU
13,CONSTANTA,63286,COSTINESTI
13,CONSTANTA,61559,CRUCEA
13,CONSTANTA,61620,CUMPANA
13,CONSTANTA,63300,CUZA VODA
13,CONSTANTA,61675,DELENI
13,CONSTANTA,61737,DOBROMIR
13,CONSTANTA,63161,DUMBRAVENI
13,CONSTANTA,63334,FANTANELE
13,CONSTANTA,61808,GARLICIU
13,CONSTANTA,61826,GHINDARESTI
13,CONSTANTA,63326,GRADINA
13,CONSTANTA,63278,HORIA
13,CONSTANTA,61871,INDEPENDENTA
13,CONSTANTA,61951,ION CORVIN
13,CONSTANTA,62020,ISTRIA
13,CONSTANTA,60632,LIMANU
13,CONSTANTA,62057,LIPNITA
13,CONSTANTA,63152,LUMINA
13,CONSTANTA,62137,MERENI
13,CONSTANTA,62253,MIHAI VITEAZU
13,CONSTANTA,62191,MIHAIL KOGALNICEANU
13,CONSTANTA,62280,MIRCEA VODA
13,CONSTANTA,62440,NICOLAE BALCESCU
13,CONSTANTA,62486,OLTINA
13,CONSTANTA,62538,OSTROV
13,CONSTANTA,62609,PANTELIMON
13,CONSTANTA,62672,PECINEAGA
13,CONSTANTA,62707,PESTERA
13,CONSTANTA,62761,POARTA ALBA
13,CONSTANTA,62798,RASOVA
13,CONSTANTA,62878,SACELE
13,CONSTANTA,63318,SALIGNY
13,CONSTANTA,62823,SARAIU
13,CONSTANTA,62903,SEIMENI
13,CONSTANTA,62949,SILISTEA
13,CONSTANTA,62985,TARGUSOR
13,CONSTANTA,63045,TOPALU
13,CONSTANTA,63072,TOPRAISAR
13,CONSTANTA,63189,TORTOMAN
13,CONSTANTA,60721,TUZLA
13,CONSTANTA,63125,VALU LUI TRAIAN
13,CONSTANTA,63170,VULTURU
14,COVASNA,63394,MUNICIPIUL SFANTU GHEORGHE
14,COVASNA,63740,MUNICIPIUL TARGU SECUIESC
14,COVASNA,63447,ORAS BARAOLT
14,COVASNA,63526,ORAS COVASNA
14,COVASNA,63580,ORAS INTORSURA BUZAULUI
14,COVASNA,63777,AITA MARE
14,COVASNA,65113,ARCUS
14,COVASNA,63633,BARCANI
14,COVASNA,63802,BATANI
14,COVASNA,63866,BELIN
14,COVASNA,65121,BIXAD
14,COVASNA,63893,BODOC
14,COVASNA,63937,BOROSNEU MARE
14,COVASNA,64041,BRADUT
14,COVASNA,64005,BRATES
14,COVASNA,64096,BRETCU
14,COVASNA,64130,CATALINA
14,COVASNA,64194,CERNAT
14,COVASNA,64238,CHICHIS
14,COVASNA,63553,COMANDAU
14,COVASNA,65147,DALNIC
14,COVASNA,64265,DOBARLAU
14,COVASNA,65154,ESTELNIC
14,COVASNA,64318,GHELINTA
14,COVASNA,64345,GHIDFALAU
14,COVASNA,64390,HAGHIG
14,COVASNA,64425,ILIENI
14,COVASNA,64461,LEMNIA
14,COVASNA,64504,MALNAS
14,COVASNA,65105,MERENI
14,COVASNA,65139,MICFALAU
14,COVASNA,64568,MOACSA
14,COVASNA,64602,OJDULA
14,COVASNA,64639,OZUN
14,COVASNA,64719,POIAN
14,COVASNA,64773,RECI
14,COVASNA,64826,SANZIENI
14,COVASNA,63688,SITA BUZAULUI
14,COVASNA,64871,TURIA
14,COVASNA,64942,VALCELE
14,COVASNA,64906,VALEA CRISULUI
14,COVASNA,65099,VALEA MARE
14,COVASNA,64997,VARGHIS
14,COVASNA,65048,ZABALA
14,COVASNA,65011,ZAGON
15,DAMBOVITA,65342,MUNICIPIUL TARGOVISTE
15,DAMBOVITA,65841,MUNICIPIUL MORENI
15,DAMBOVITA,65609,ORAS FIENI
15,DAMBOVITA,65681,ORAS GAESTI
15,DAMBOVITA,65921,ORAS PUCIOASA
15,DAMBOVITA,68627,ORAS RACARI
15,DAMBOVITA,66081,ORAS TITU
15,DAMBOVITA,65379,ANINOASA
15,DAMBOVITA,66198,BALENI
15,DAMBOVITA,66223,BARBULETU
15,DAMBOVITA,66330,BEZDEAD
15,DAMBOVITA,66401,BILCIURESTI
15,DAMBOVITA,66009,BRANESTI
15,DAMBOVITA,66152,BRANISTEA
15,DAMBOVITA,101341,BREZOAELE
15,DAMBOVITA,66438,BUCIUMENI
15,DAMBOVITA,66474,BUCSANI
15,DAMBOVITA,101564,BUTIMANU
15,DAMBOVITA,66526,CANDESTI
15,DAMBOVITA,101840,CIOCANESTI
15,DAMBOVITA,66580,COBIA
15,DAMBOVITA,66697,COJASCA
15,DAMBOVITA,66731,COMISANI
15,DAMBOVITA,66768,CONTESTI
15,DAMBOVITA,66857,CORBII MARI
15,DAMBOVITA,66955,CORNATELU
15,DAMBOVITA,67014,CORNESTI
15,DAMBOVITA,67121,COSTESTII DIN VALE
15,DAMBOVITA,67167,CRANGURILE
15,DAMBOVITA,102286,CREVEDIA
15,DAMBOVITA,67256,DARMANESTI
15,DAMBOVITA,67292,DOBRA
15,DAMBOVITA,65413,DOICESTI
15,DAMBOVITA,67327,DRAGODANA
15,DAMBOVITA,67407,DRAGOMIRESTI
15,DAMBOVITA,67470,FINTA
15,DAMBOVITA,67522,GLODENI
15,DAMBOVITA,65707,GURA FOII
15,DAMBOVITA,67595,GURA OCNITEI
15,DAMBOVITA,67648,GURA SUTII
15,DAMBOVITA,67675,HULUBESTI
15,DAMBOVITA,67737,I. L. CARAGIALE
15,DAMBOVITA,65869,IEDERA
15,DAMBOVITA,67773,LUCIENI
15,DAMBOVITA,67835,LUDESTI
15,DAMBOVITA,67906,LUNGULETU
15,DAMBOVITA,67942,MALU CU FLORI
15,DAMBOVITA,68002,MANESTI
15,DAMBOVITA,68048,MATASARU
15,DAMBOVITA,68128,MOGOSANI
15,DAMBOVITA,68182,MOROENI
15,DAMBOVITA,68253,MORTENI
15,DAMBOVITA,65645,MOTAIENI
15,DAMBOVITA,104387,NICULESTI
15,DAMBOVITA,68280,NUCET
15,DAMBOVITA,68324,OCNITA
15,DAMBOVITA,68342,ODOBESTI
15,DAMBOVITA,179935,PERSINARI
15,DAMBOVITA,65752,PETRESTI
15,DAMBOVITA,179908,PIETRARI
15,DAMBOVITA,68404,PIETROSITA
15,DAMBOVITA,68431,POIANA
15,DAMBOVITA,68468,POTLOGI
15,DAMBOVITA,68529,PRODULESTI
15,DAMBOVITA,68565,PUCHENI
15,DAMBOVITA,179891,RACIU
15,DAMBOVITA,179926,RASCAETI
15,DAMBOVITA,179917,RAU ALB
15,DAMBOVITA,65431,RAZVAD
15,DAMBOVITA,68716,RUNCU
15,DAMBOVITA,68789,SALCIOARA
15,DAMBOVITA,68887,SELARU
15,DAMBOVITA,105142,SLOBOZIA MOARA
15,DAMBOVITA,65477,SOTANGA
15,DAMBOVITA,105534,TARTASESTI
15,DAMBOVITA,68921,TATARANI
15,DAMBOVITA,68976,ULIESTI
15,DAMBOVITA,65501,ULMI
15,DAMBOVITA,69250,VACARESTI
15,DAMBOVITA,69063,VALEA LUNGA
15,DAMBOVITA,69170,VALEA MARE
15,DAMBOVITA,69303,VALENI-DAMBOVITA
15,DAMBOVITA,69447,VARFURI
15,DAMBOVITA,69330,VISINA
15,DAMBOVITA,69394,VISINESTI
15,DAMBOVITA,179711,VLADENI
15,DAMBOVITA,69526,VOINESTI
15,DAMBOVITA,69615,VULCANA-BAI
15,DAMBOVITA,179640,VULCANA-PANDELE
16,DOLJ,69900,MUNICIPIUL CRAIOVA
16,DOLJ,70316,MUNICIPIUL BAILESTI
16,DOLJ,70352,MUNICIPIUL CALAFAT
16,DOLJ,70879,ORAS BECHET
16,DOLJ,72007,ORAS DABULENI
16,DOLJ,70414,ORAS FILIASI
16,DOLJ,70502,ORAS SEGARCEA
16,DOLJ,70520,AFUMATI
16,DOLJ,70566,ALMAJ
16,DOLJ,70637,AMARASTII DE JOS
16,DOLJ,70673,AMARASTII DE SUS
16,DOLJ,70726,APELE VII
16,DOLJ,70744,ARGETOAIA
16,DOLJ,70940,BARCA
16,DOLJ,70897,BISTRET
16,DOLJ,70968,BOTOSESTI-PAIA
16,DOLJ,70986,BRABOVA
16,DOLJ,71055,BRADESTI
16,DOLJ,71126,BRALOSTITA
16,DOLJ,71199,BRATOVOESTI
16,DOLJ,71260,BREASTA
16,DOLJ,69964,BUCOVAT
16,DOLJ,71340,BULZESTI
16,DOLJ,71607,CALARASI
16,DOLJ,71457,CALOPAR
16,DOLJ,71518,CARAULA
16,DOLJ,74859,CARCEA
16,DOLJ,74867,CARNA
16,DOLJ,71536,CARPEN
16,DOLJ,71572,CASTRANOVA
16,DOLJ,74842,CATANE
16,DOLJ,71634,CELARU
16,DOLJ,71698,CERAT
16,DOLJ,71723,CERNATESTI
16,DOLJ,70049,CERNELE
16,DOLJ,71787,CETATE
16,DOLJ,71812,CIOROIASI
16,DOLJ,71858,CIUPERCENII NOI
16,DOLJ,71885,COSOVENI
16,DOLJ,71910,COTOFENII DIN DOS
16,DOLJ,74875,COTOFENII DIN FATA
16,DOLJ,71956,DANETI
16,DOLJ,72034,DESA
16,DOLJ,72052,DIOSTI
16,DOLJ,72098,DOBRESTI
16,DOLJ,74883,DOBROTESTI
16,DOLJ,72150,DRAGOTESTI
16,DOLJ,72221,DRANIC
16,DOLJ,72276,FARCAS
16,DOLJ,72383,GALICEA MARE
16,DOLJ,74891,GALICIUICA
16,DOLJ,72579,GANGIOVA
16,DOLJ,72409,GHERCESTI
16,DOLJ,74907,GHIDICI
16,DOLJ,74915,GHINDENI
16,DOLJ,72463,GIGHERA
16,DOLJ,72506,GIUBEGA
16,DOLJ,72533,GIURGITA
16,DOLJ,72604,GOGOSU
16,DOLJ,72640,GOICEA
16,DOLJ,72677,GOIESTI
16,DOLJ,72819,GRECESTI
16,DOLJ,74923,INTORSURA
16,DOLJ,70094,ISALNITA
16,DOLJ,72882,IZVOARE
16,DOLJ,72926,LEU
16,DOLJ,72953,LIPOVU
16,DOLJ,72980,MACESU DE JOS
16,DOLJ,73013,MACESU DE SUS
16,DOLJ,73031,MAGLAVIT
16,DOLJ,73068,MALU MARE
16,DOLJ,73317,MARSANI
16,DOLJ,73102,MELINESTI
16,DOLJ,73246,MISCHII
16,DOLJ,73335,MOTATEI
16,DOLJ,73371,MURGASI
16,DOLJ,73460,NEGOI
16,DOLJ,73503,ORODEL
16,DOLJ,73567,OSTROVENI
16,DOLJ,73594,PERISOR
16,DOLJ,73629,PIELESTI
16,DOLJ,73665,PISCU VECHI
16,DOLJ,73709,PLENITA
16,DOLJ,74931,PLESOI
16,DOLJ,70110,PODARI
16,DOLJ,73736,POIANA MARE
16,DOLJ,73772,PREDESTI
16,DOLJ,73852,RADOVAN
16,DOLJ,73905,RAST
16,DOLJ,73923,ROBANESTI
16,DOLJ,74949,ROJISTE
16,DOLJ,73996,SADOVA
16,DOLJ,74028,SALCUTA
16,DOLJ,74073,SCAESTI
16,DOLJ,74108,SEACA DE CAMP
16,DOLJ,74135,SEACA DE PADURE
16,DOLJ,74171,SECU
16,DOLJ,74224,SILISTEA CRUCII
16,DOLJ,70174,SIMNICU DE SUS
16,DOLJ,74242,SOPOT
16,DOLJ,74956,TALPAS
16,DOLJ,74322,TEASC
16,DOLJ,74359,TERPEZITA
16,DOLJ,74411,TESLUI
16,DOLJ,74509,TUGLUI
16,DOLJ,74536,UNIREA
16,DOLJ,74554,URZICUTA
16,DOLJ,74581,VALEA STANCIULUI
16,DOLJ,74732,VARTOP
16,DOLJ,74750,VARVORU DE JOS
16,DOLJ,74616,VELA
16,DOLJ,74705,VERBITA
17,GALATI,75098,MUNICIPIUL GALATI
17,GALATI,75203,MUNICIPIUL TECUCI
17,GALATI,75338,ORAS BERESTI
17,GALATI,75472,ORAS TARGU BUJOR
17,GALATI,75542,BALABANESTI
17,GALATI,75613,BALASESTI
17,GALATI,75668,BALENI
17,GALATI,75686,BANEASA
17,GALATI,75515,BARCEA
17,GALATI,75356,BERESTI-MERIA
17,GALATI,75766,BRAHASESTI
17,GALATI,75711,BRANISTEA
17,GALATI,75819,BUCIUMENI
17,GALATI,75864,CAVADINESTI
17,GALATI,75917,CERTESTI
17,GALATI,76004,CORNI
17,GALATI,75953,COROD
17,GALATI,76040,COSMESTI
17,GALATI,76111,COSTACHE NEGRI
17,GALATI,76139,CUCA
17,GALATI,76157,CUDALBI
17,GALATI,77595,CUZA VODA
17,GALATI,75221,DRAGANESTI
17,GALATI,76175,DRAGUSENI
17,GALATI,76255,FARTANESTI
17,GALATI,76282,FOLTESTI
17,GALATI,76317,FRUMUSITA
17,GALATI,76353,FUNDENI
17,GALATI,76406,GHIDIGENI
17,GALATI,76497,GOHOR
17,GALATI,76558,GRIVITA
17,GALATI,76585,INDEPENDENTA
17,GALATI,76601,IVESTI
17,GALATI,76638,JORASTI
17,GALATI,76674,LIESTI
17,GALATI,76718,MASTACANI
17,GALATI,76692,MATCA
17,GALATI,76745,MOVILENI
17,GALATI,75258,MUNTENI
17,GALATI,76763,NAMOLOASA
17,GALATI,77579,NEGRILESTI
17,GALATI,76807,NICORESTI
17,GALATI,76932,OANCEA
17,GALATI,76969,PECHEA
17,GALATI,76996,PISCU
17,GALATI,77587,POIANA
17,GALATI,77028,PRIPONESTI
17,GALATI,77561,RADESTI
17,GALATI,77082,REDIU
17,GALATI,77126,SCANTEIESTI
17,GALATI,77153,SCHELA
17,GALATI,75114,SENDRENI
17,GALATI,77180,SLOBOZIA CONACHI
17,GALATI,77224,SMARDAN
17,GALATI,77260,SMULTI
17,GALATI,77288,SUCEVENI
17,GALATI,77601,SUHURLUI
17,GALATI,77377,TEPU
17,GALATI,77313,TUDOR VLADIMIRESCU
17,GALATI,77331,TULUCESTI
17,GALATI,77402,UMBRARESTI
17,GALATI,77475,VALEA MARULUI
17,GALATI,75150,VANATORI
17,GALATI,77509,VARLEZI
17,GALATI,77536,VLADESTI
52,GIURGIU,100521,MUNICIPIUL GIURGIU
52,GIURGIU,101190,ORAS BOLINTIN-VALE
52,GIURGIU,104136,ORAS MIHAILESTI
52,GIURGIU,100781,ADUNATII-COPACENI
52,GIURGIU,101001,BANEASA
52,GIURGIU,101163,BOLINTIN-DEAL
52,GIURGIU,101378,BUCSANI
52,GIURGIU,101519,BULBUCATA
52,GIURGIU,101617,BUTURUGENI
52,GIURGIU,101662,CALUGARENI
52,GIURGIU,101984,CLEJANI
52,GIURGIU,102071,COLIBASI
52,GIURGIU,102106,COMANA
52,GIURGIU,179748,COSOBA
52,GIURGIU,102348,CREVEDIA MARE
52,GIURGIU,102446,DAIA
52,GIURGIU,102794,FLORESTI-STOENESTI
52,GIURGIU,102909,FRATESTI
52,GIURGIU,103087,GAISENI
52,GIURGIU,103194,GAUJANI
52,GIURGIU,103238,GHIMPATI
52,GIURGIU,103309,GOGOSARI
52,GIURGIU,103372,GOSTINARI
52,GIURGIU,103354,GOSTINU
52,GIURGIU,103407,GRADINARI
52,GIURGIU,103470,GREACA
52,GIURGIU,179757,HERASTI
52,GIURGIU,103639,HOTARELE
52,GIURGIU,103693,IEPURESTI
52,GIURGIU,179766,ISVOARELE
52,GIURGIU,103899,IZVOARELE
52,GIURGIU,103997,JOITA
52,GIURGIU,104047,LETCA NOUA
52,GIURGIU,179739,MALU
52,GIURGIU,104225,MARSA
52,GIURGIU,104118,MIHAI BRAVU
52,GIURGIU,104485,OGREZENI
52,GIURGIU,104519,OINACU
52,GIURGIU,104680,PRUNDU
52,GIURGIU,104715,PUTINEIU
52,GIURGIU,104788,RASUCENI
52,GIURGIU,104831,ROATA DE JOS
52,GIURGIU,179775,SABARENI
52,GIURGIU,104975,SCHITU
52,GIURGIU,105106,SINGURENI
52,GIURGIU,100549,SLOBOZIA
52,GIURGIU,105295,STANESTI
52,GIURGIU,105348,STOENESTI
52,GIURGIU,154709,TOPORU
52,GIURGIU,105623,ULMI
52,GIURGIU,105776,VALEA DRAGULUI
52,GIURGIU,105972,VANATORII MICI
52,GIURGIU,105874,VARASTI
52,GIURGIU,105909,VEDEA
18,GORJ,77812,MUNICIPIUL TARGU JIU
18,GORJ,78141,MUNICIPIUL MOTRU
18,GORJ,79308,ORAS BUMBESTI-JIU
18,GORJ,78258,ORAS NOVACI
18,GORJ,82895,ORAS ROVINARI
18,GORJ,78329,ORAS TARGU CARBUNESTI
18,GORJ,78454,ORAS TICLENI
18,GORJ,82430,ORAS TISMANA
18,GORJ,82617,ORAS TURCENI
18,GORJ,78472,ALBENI
18,GORJ,78542,ALIMPESTI
18,GORJ,78604,ANINOASA
18,GORJ,78668,ARCANI
18,GORJ,78711,BAIA DE FIER
18,GORJ,78748,BALANESTI
18,GORJ,77910,BALESTI
18,GORJ,79004,BALTENI
18,GORJ,78828,BARBATESTI
18,GORJ,78873,BENGESTI-CIOCADIA
18,GORJ,78926,BERLESTI
18,GORJ,79077,BOLBOSI
18,GORJ,79157,BORASCU
18,GORJ,79237,BRANESTI
18,GORJ,79362,BUMBESTI-PITIC
18,GORJ,79406,BUSTUCHIN
18,GORJ,79736,CALNIC
18,GORJ,79497,CAPRENI
18,GORJ,79585,CATUNELE
18,GORJ,79656,CIUPERCENI
18,GORJ,79834,CRASNA
18,GORJ,79932,CRUSET
18,GORJ,80043,DANCIULESTI
18,GORJ,80123,DANESTI
18,GORJ,80249,DRAGOTESTI
18,GORJ,78016,DRAGUTESTI
18,GORJ,80285,FARCASESTI
18,GORJ,80365,GLOGOVA
18,GORJ,80427,GODINESTI
18,GORJ,80506,HUREZANI
18,GORJ,80560,IONESTI
18,GORJ,80613,JUPANESTI
18,GORJ,80677,LELESTI
18,GORJ,80711,LICURICI
18,GORJ,80766,LOGRESTI
18,GORJ,80846,MATASARI
18,GORJ,80908,MUSETESTI
18,GORJ,80980,NEGOMIR
18,GORJ,81095,PADES
18,GORJ,81184,PESTISANI
18,GORJ,81264,PLOPSORU
18,GORJ,81380,POLOVRAGI
18,GORJ,81415,PRIGORIA
18,GORJ,81497,ROSIA DE AMARADIA
18,GORJ,81576,RUNCU
18,GORJ,81754,SACELU
18,GORJ,81656,SAMARINESTI
18,GORJ,81816,SAULESTI
18,GORJ,81987,SCHELA
18,GORJ,81861,SCOARTA
18,GORJ,82047,SLIVILESTI
18,GORJ,82136,STANESTI
18,GORJ,82243,STEJARI
18,GORJ,82314,STOINA
18,GORJ,82680,TANTARENI
18,GORJ,82396,TELESTI
18,GORJ,82555,TURBUREA
18,GORJ,78089,TURCINESTI
18,GORJ,82733,URDARI
18,GORJ,82779,VAGIULESTI
18,GORJ,82831,VLADIMIR
19,HARGHITA,83320,MUNICIPIUL MIERCUREA CIUC
19,HARGHITA,83561,MUNICIPIUL GHEORGHENI
19,HARGHITA,83133,MUNICIPIUL ODORHEIU SECUIESC
19,HARGHITA,83632,MUNICIPIUL TOPLITA
19,HARGHITA,83428,ORAS BAILE TUSNAD
19,HARGHITA,83464,ORAS BALAN
19,HARGHITA,83491,ORAS BORSEC
19,HARGHITA,83525,ORAS CRISTURU SECUIESC
19,HARGHITA,83749,ORAS VLAHITA
19,HARGHITA,83785,ATID
19,HARGHITA,83847,AVRAMESTI
19,HARGHITA,83936,BILBOR
19,HARGHITA,83151,BRADESTI
19,HARGHITA,83963,CAPALNITA
19,HARGHITA,84102,CARTA
19,HARGHITA,86461,CICEU
19,HARGHITA,83981,CIUCSANGEORGIU
19,HARGHITA,84086,CIUMANI
19,HARGHITA,84148,CORBU
19,HARGHITA,84175,CORUND
19,HARGHITA,86446,COZMENI
19,HARGHITA,84237,DANESTI
19,HARGHITA,84380,DARJIU
19,HARGHITA,84264,DEALU
19,HARGHITA,84344,DITRAU
19,HARGHITA,83197,FELICENI
19,HARGHITA,84415,FRUMOASA
19,HARGHITA,84460,GALAUTAS
19,HARGHITA,84558,JOSENI
19,HARGHITA,84594,LAZAREA
19,HARGHITA,86479,LELICENI
19,HARGHITA,84629,LUETA
19,HARGHITA,84656,LUNCA DE JOS
19,HARGHITA,84754,LUNCA DE SUS
19,HARGHITA,84825,LUPENI
19,HARGHITA,86438,MADARAS
19,HARGHITA,84923,MARTINIS
19,HARGHITA,85056,MERESTI
19,HARGHITA,85074,MIHAILENI
19,HARGHITA,85127,MUGENI
19,HARGHITA,85243,OCLAND
19,HARGHITA,83375,PAULENI-CIUC
19,HARGHITA,85289,PLAIESII DE JOS
19,HARGHITA,86487,PORUMBENI
19,HARGHITA,85341,PRAID
19,HARGHITA,86495,RACU
19,HARGHITA,85412,REMETEA
19,HARGHITA,85467,SACEL
19,HARGHITA,85680,SANCRAIENI
19,HARGHITA,85760,SANDOMINIC
19,HARGHITA,85788,SANMARTIN
19,HARGHITA,85840,SANSIMION
19,HARGHITA,86519,SANTIMBRU
19,HARGHITA,85528,SARMAS
19,HARGHITA,86501,SATU MARE
19,HARGHITA,85582,SECUIENI
19,HARGHITA,85626,SICULENI
19,HARGHITA,85984,SIMONESTI
19,HARGHITA,85877,SUBCETATE
19,HARGHITA,85920,SUSENI
19,HARGHITA,86453,TOMESTI
19,HARGHITA,86133,TULGHES
19,HARGHITA,86188,TUSNAD
19,HARGHITA,86222,ULIES
19,HARGHITA,86311,VARSAG
19,HARGHITA,86339,VOSLABENI
19,HARGHITA,86366,ZETEA
20,HUNEDOARA,86687,MUNICIPIUL DEVA
20,HUNEDOARA,87291,MUNICIPIUL BRAD
20,HUNEDOARA,86810,MUNICIPIUL HUNEDOARA
20,HUNEDOARA,87059,MUNICIPIUL LUPENI
20,HUNEDOARA,87638,MUNICIPIUL ORASTIE
20,HUNEDOARA,86990,MUNICIPIUL PETROSANI
20,HUNEDOARA,87175,MUNICIPIUL VULCAN
20,HUNEDOARA,87219,ORAS ANINOASA
20,HUNEDOARA,87424,ORAS CALAN
20,HUNEDOARA,89561,ORAS GEOAGIU
20,HUNEDOARA,87576,ORAS HATEG
20,HUNEDOARA,87077,ORAS PETRILA
20,HUNEDOARA,87665,ORAS SIMERIA
20,HUNEDOARA,87139,ORAS URICANI
20,HUNEDOARA,88047,BACIA
20,HUNEDOARA,87745,BAIA DE CRIS
20,HUNEDOARA,88092,BAITA
20,HUNEDOARA,87843,BALSA
20,HUNEDOARA,87246,BANITA
20,HUNEDOARA,87996,BARU
20,HUNEDOARA,88216,BATRANA
20,HUNEDOARA,88261,BERIU
20,HUNEDOARA,88350,BLAJENI
20,HUNEDOARA,88449,BOSOROD
20,HUNEDOARA,88546,BRANISCA
20,HUNEDOARA,88644,BRETEA ROMANA
20,HUNEDOARA,88788,BUCES
20,HUNEDOARA,88868,BUCURESCI
20,HUNEDOARA,88920,BULZESTII DE SUS
20,HUNEDOARA,89026,BUNILA
20,HUNEDOARA,89080,BURJUC
20,HUNEDOARA,86749,CARJITI
20,HUNEDOARA,89151,CERBAL
20,HUNEDOARA,89240,CERTEJU DE SUS
20,HUNEDOARA,87362,CRISCIOR
20,HUNEDOARA,89348,DENSUS
20,HUNEDOARA,89428,DOBRA
20,HUNEDOARA,91731,GENERAL BERTHELOT
20,HUNEDOARA,86883,GHELARI
20,HUNEDOARA,89687,GURASADA
20,HUNEDOARA,89801,HARAU
20,HUNEDOARA,89856,ILIA
20,HUNEDOARA,89954,LAPUGIU DE JOS
20,HUNEDOARA,90066,LELESE
20,HUNEDOARA,90119,LUNCA CERNII DE JOS
20,HUNEDOARA,90208,LUNCOIU DE JOS
20,HUNEDOARA,90262,MARTINESTI
20,HUNEDOARA,90342,ORASTIOARA DE SUS
20,HUNEDOARA,90431,PESTISU MIC
20,HUNEDOARA,90538,PUI
20,HUNEDOARA,90725,RACHITOVA
20,HUNEDOARA,90663,RAPOLTU MARE
20,HUNEDOARA,90878,RAU DE MORI
20,HUNEDOARA,90805,RIBITA
20,HUNEDOARA,90994,ROMOS
20,HUNEDOARA,91116,SALASU DE SUS
20,HUNEDOARA,91232,SANTAMARIA-ORLEA
20,HUNEDOARA,91054,SARMIZEGETUSA
20,HUNEDOARA,91330,SOIMUS
20,HUNEDOARA,86936,TELIUCU INFERIOR
20,HUNEDOARA,91447,TOMESTI
20,HUNEDOARA,91535,TOPLITA
20,HUNEDOARA,91624,TOTESTI
20,HUNEDOARA,91688,TURDAS
20,HUNEDOARA,91937,VALISOARA
20,HUNEDOARA,91795,VATA DE JOS
20,HUNEDOARA,91982,VETEL
20,HUNEDOARA,92097,VORTA
20,HUNEDOARA,92177,ZAM
21,IALOMITA,92658,MUNICIPIUL SLOBOZIA
21,IALOMITA,92701,MUNICIPIUL FETESTI
21,IALOMITA,100683,MUNICIPIUL URZICENI
21,IALOMITA,92836,ORAS AMARA
21,IALOMITA,93067,ORAS CAZANESTI
21,IALOMITA,102749,ORAS FIERBINTI-TARG
21,IALOMITA,92765,ORAS TANDAREI
21,IALOMITA,100754,ADANCATA
21,IALOMITA,92783,ALBESTI
21,IALOMITA,100852,ALEXENI
21,IALOMITA,92872,ANDRASESTI
21,IALOMITA,100870,ARMASESTI
21,IALOMITA,100923,AXINTELE
21,IALOMITA,92907,BALACIU
21,IALOMITA,180064,BARBULESTI
21,IALOMITA,101056,BARCANESTI
21,IALOMITA,179784,BORANESTI
21,IALOMITA,92989,BORDUSANI
21,IALOMITA,93021,BUCU
21,IALOMITA,179793,BUESTI
21,IALOMITA,100709,CIOCARLIA
21,IALOMITA,93101,CIOCHINA
21,IALOMITA,93156,CIULNITA
21,IALOMITA,93209,COCORA
21,IALOMITA,179971,COLELIA
21,IALOMITA,93236,COSAMBESTI
21,IALOMITA,102240,COSERENI
21,IALOMITA,102641,DRAGOESTI
21,IALOMITA,102703,DRIDU
21,IALOMITA,93575,FACAENI
21,IALOMITA,103283,GARBOVI
21,IALOMITA,93600,GHEORGHE DOJA
21,IALOMITA,93628,GHEORGHE LAZAR
21,IALOMITA,93646,GIURGENI
21,IALOMITA,93717,GRINDU
21,IALOMITA,93735,GRIVITA
21,IALOMITA,180046,GURA IALOMITEI
21,IALOMITA,103862,ION ROATA
21,IALOMITA,103960,JILAVELE
21,IALOMITA,179800,MAIA
21,IALOMITA,100736,MANASIA
21,IALOMITA,179980,MARCULESTI
21,IALOMITA,93995,MIHAIL KOGALNICEANU
21,IALOMITA,94045,MILOSESTI
21,IALOMITA,179999,MOLDOVENI
21,IALOMITA,94081,MOVILA
21,IALOMITA,104270,MOVILITA
21,IALOMITA,94107,MUNTENI-BUZAU
21,IALOMITA,179819,OGRADA
21,IALOMITA,94161,PERIETI
21,IALOMITA,180000,PLATONESTI
21,IALOMITA,101243,RADULESTI
21,IALOMITA,94269,REVIGA
21,IALOMITA,179828,ROSIORI
21,IALOMITA,94330,SALCIOARA
21,IALOMITA,180019,SARATENI
21,IALOMITA,94376,SAVENI
21,IALOMITA,94429,SCANTEIA
21,IALOMITA,94456,SFANTU GHEORGHE
21,IALOMITA,105026,SINESTI
21,IALOMITA,94492,STELNICA
21,IALOMITA,94535,SUDITI
21,IALOMITA,179702,TRAIAN
21,IALOMITA,94688,VALEA CIORII
21,IALOMITA,105794,VALEA MACRISULUI
21,IALOMITA,94795,VLADENI
22,IASI,95060,MUNICIPIUL IASI
22,IASI,95391,MUNICIPIUL PASCANI
22,IASI,95355,ORAS HARLAU
22,IASI,98373,ORAS PODU ILOAIEI
22,IASI,95471,ORAS TARGU FRUMOS
22,IASI,95612,ALEXANDRU I. CUZA
22,IASI,95667,ANDRIESENI
22,IASI,95747,ARONEANU
22,IASI,100273,BALS
22,IASI,95792,BALTATI
22,IASI,95088,BARNOVA
22,IASI,95872,BELCESTI
22,IASI,95943,BIVOLARI
22,IASI,96058,BRAESTI
22,IASI,96110,BUTEA
22,IASI,96147,CEPLENITA
22,IASI,100362,CIOHORANI
22,IASI,96192,CIORTESTI
22,IASI,96254,CIUREA
22,IASI,96334,COARNELE CAPREI
22,IASI,96370,COMARNA
22,IASI,100282,COSTESTI
22,IASI,96423,COSTULENI
22,IASI,96478,COTNARI
22,IASI,96593,COZMESTI
22,IASI,96637,CRISTESTI
22,IASI,96664,CUCUTENI
22,IASI,96717,DAGATA
22,IASI,96815,DELENI
22,IASI,96888,DOBROVAT
22,IASI,96904,DOLHESTI
22,IASI,100308,DRAGUSENI
22,IASI,96940,DUMESTI
22,IASI,97009,ERBICENI
22,IASI,100317,FANTANELE
22,IASI,97063,FOCURI
22,IASI,97090,GOLAIESTI
22,IASI,97189,GORBAN
22,IASI,97241,GRAJDURI
22,IASI,97321,GROPNITA
22,IASI,97394,GROZESTI
22,IASI,97438,HALAUCESTI
22,IASI,100326,HARMANESTI
22,IASI,97465,HELESTENI
22,IASI,95159,HOLBOCA
22,IASI,97517,HORLESTI
22,IASI,95499,ION NECULCE
22,IASI,97553,IPATELE
22,IASI,97606,LESPEZI
22,IASI,97679,LETCANI
22,IASI,97722,LUNGANI
22,IASI,97777,MADARJAC
22,IASI,97811,MIRCESTI
22,IASI,97875,MIRONEASA
22,IASI,97919,MIROSLAVA
22,IASI,98051,MIROSLOVESTI
22,IASI,98113,MOGOSESTI
22,IASI,98168,MOGOSESTI-SIRET
22,IASI,98202,MOSNA
22,IASI,98220,MOTCA
22,IASI,98257,MOVILENI
22,IASI,98300,OTELENI
22,IASI,98337,PLUGARI
22,IASI,98435,POPESTI
22,IASI,98505,POPRICANI
22,IASI,98603,PRISACANI
22,IASI,98649,PROBOTA
22,IASI,100335,RACHITENI
22,IASI,98685,RADUCANENI
22,IASI,95239,REDIU
22,IASI,98738,ROMANESTI
22,IASI,100344,ROSCANI
22,IASI,98774,RUGINOASA
22,IASI,98916,SCANTEIA
22,IASI,99290,SCHEIA
22,IASI,98827,SCHITU DUCA
22,IASI,98998,SCOBINTI
22,IASI,99058,SINESTI
22,IASI,99370,SIPOTE
22,IASI,99101,SIRETEL
22,IASI,99165,STOLNICENI-PRAJESCU
22,IASI,99209,STRUNGA
22,IASI,99441,TANSA
22,IASI,99478,TATARUSI
22,IASI,99673,TIBANA
22,IASI,99780,TIBANESTI
22,IASI,99879,TIGANASI
22,IASI,99539,TODIRESTI
22,IASI,95293,TOMESTI
22,IASI,99600,TRIFESTI
22,IASI,99922,TUTORA
22,IASI,96003,UNGHENI
22,IASI,100353,VALEA LUPULUI
22,IASI,99968,VALEA SEACA
22,IASI,100086,VANATORI
22,IASI,100004,VICTORIA
22,IASI,100148,VLADENI
22,IASI,100219,VOINESTI
23,ILFOV,179221,ORAS BRAGADIRU
23,ILFOV,100576,ORAS BUFTEA
23,ILFOV,179285,ORAS CHITILA
23,ILFOV,179409,ORAS MAGURELE
23,ILFOV,179481,ORAS OTOPENI
23,ILFOV,179515,ORAS PANTELIMON
23,ILFOV,179533,ORAS POPESTI LEORDENI
23,ILFOV,179551,ORAS VOLUNTARI
23,ILFOV,102543,1 DECEMBRIE
23,ILFOV,100834,AFUMATI
23,ILFOV,100969,BALOTESTI
23,ILFOV,101145,BERCENI
23,ILFOV,101298,BRANESTI
23,ILFOV,101742,CERNICA
23,ILFOV,179249,CHIAJNA
23,ILFOV,101902,CIOLPANI
23,ILFOV,101957,CIOROGARLA
23,ILFOV,102035,CLINCENI
23,ILFOV,179588,COPACENI
23,ILFOV,102160,CORBEANCA
23,ILFOV,102213,CORNETU
23,ILFOV,102525,DARASTI-ILFOV
23,ILFOV,102473,DASCALU
23,ILFOV,179310,DOBROESTI
23,ILFOV,102570,DOMNESTI
23,ILFOV,102605,DRAGOMIRESTI-VALE
23,ILFOV,103130,GANEASA
23,ILFOV,179347,GLINA
23,ILFOV,103443,GRADISTEA
23,ILFOV,103513,GRUIU
23,ILFOV,179383,JILAVA
23,ILFOV,104243,MOARA VLASIEI
23,ILFOV,179463,MOGOSOAIA
23,ILFOV,104421,NUCI
23,ILFOV,104546,PERIS
23,ILFOV,104582,PETRACHIOAIA
23,ILFOV,105160,SNAGOV
23,ILFOV,105419,STEFANESTII DE JOS
23,ILFOV,105570,TUNARI
23,ILFOV,105936,VIDRA
24,MARAMURES,106318,MUNICIPIUL BAIA MARE
24,MARAMURES,106559,MUNICIPIUL SIGHETU MARMATIEI
24,MARAMURES,106684,ORAS BAIA SPRIE
24,MARAMURES,106746,ORAS BORSA
24,MARAMURES,106782,ORAS CAVNIC
24,MARAMURES,108017,ORAS DRAGOMIRESTI
24,MARAMURES,108892,ORAS SALISTEA DE SUS
24,MARAMURES,108963,ORAS SEINI
24,MARAMURES,109176,ORAS SOMCUTA MARE
24,MARAMURES,106817,ORAS TARGU LAPUS
24,MARAMURES,106461,ORAS TAUTII-MAGHERAUS
24,MARAMURES,109265,ORAS ULMENI
24,MARAMURES,106979,ORAS VISEU DE SUS
24,MARAMURES,107001,ARDUSAT
24,MARAMURES,107047,ARINIS
24,MARAMURES,107083,ASUAJU DE SUS
24,MARAMURES,107118,BAITA DE SUB CODRU
24,MARAMURES,107154,BAIUT
24,MARAMURES,107314,BARSANA
24,MARAMURES,107190,BASESTI
24,MARAMURES,107234,BICAZ
24,MARAMURES,107270,BISTRA
24,MARAMURES,107350,BOCICOIU MARE
24,MARAMURES,107403,BOGDAN VODA
24,MARAMURES,107430,BOIU MARE
24,MARAMURES,107485,BOTIZA
24,MARAMURES,107519,BUDESTI
24,MARAMURES,107546,CALINESTI
24,MARAMURES,107715,CAMPULUNG LA TISA
24,MARAMURES,107582,CERNESTI
24,MARAMURES,107662,CICARLAU
24,MARAMURES,179837,COAS
24,MARAMURES,179846,COLTAU
24,MARAMURES,107733,COPALNIC-MANASTUR
24,MARAMURES,107868,COROIENI
24,MARAMURES,107920,CUPSENI
24,MARAMURES,107975,DESESTI
24,MARAMURES,108035,DUMBRAVITA
24,MARAMURES,108106,FARCASA
24,MARAMURES,179855,GARDANI
24,MARAMURES,108151,GIULESTI
24,MARAMURES,106363,GROSI
24,MARAMURES,179622,GROSII TIBLESULUI
24,MARAMURES,108204,IEUD
24,MARAMURES,108222,LAPUS
24,MARAMURES,108240,LEORDINA
24,MARAMURES,108268,MIRESU MARE
24,MARAMURES,108348,MOISEI
24,MARAMURES,108366,OARTA DE JOS
24,MARAMURES,108400,OCNA SUGATAG
24,MARAMURES,179864,ONCESTI
24,MARAMURES,108455,PETROVA
24,MARAMURES,108473,POIENILE DE SUB MUNTE
24,MARAMURES,179604,POIENILE IZEI
24,MARAMURES,106407,RECEA
24,MARAMURES,108491,REMETEA CHIOARULUI
24,MARAMURES,108552,REMETI
24,MARAMURES,108598,REPEDEA
24,MARAMURES,108614,RONA DE JOS
24,MARAMURES,108632,RONA DE SUS
24,MARAMURES,108669,ROZAVLEA
24,MARAMURES,108696,RUSCOVA
24,MARAMURES,108794,SACALASENI
24,MARAMURES,108874,SACEL
24,MARAMURES,108918,SALSIG
24,MARAMURES,108945,SAPANTA
24,MARAMURES,106620,SARASAU
24,MARAMURES,108712,SATULUNG
24,MARAMURES,179613,SIEU
24,MARAMURES,109096,SISESTI
24,MARAMURES,109005,STRAMTURA
24,MARAMURES,109041,SUCIU DE SUS
24,MARAMURES,106648,VADU IZEI
24,MARAMURES,109354,VALEA CHIOARULUI
24,MARAMURES,109425,VIMA MICA
24,MARAMURES,109504,VISEU DE JOS
25,MEHEDINTI,109773,MUNICIPIUL DROBETA-TURNU SEVERIN
25,MEHEDINTI,110063,MUNICIPIUL ORSOVA
25,MEHEDINTI,109924,ORAS BAIA DE ARAMA
25,MEHEDINTI,110116,ORAS STREHAIA
25,MEHEDINTI,110232,ORAS VANJU MARE
25,MEHEDINTI,110571,BACLES
25,MEHEDINTI,110296,BALA
25,MEHEDINTI,110535,BALACITA
25,MEHEDINTI,110456,BALTA
25,MEHEDINTI,110688,BALVANESTI
25,MEHEDINTI,114060,BRANISTEA
25,MEHEDINTI,110740,BREZNITA-MOTRU
25,MEHEDINTI,110820,BREZNITA-OCOL
25,MEHEDINTI,110875,BROSTENI
25,MEHEDINTI,110946,BURILA MARE
25,MEHEDINTI,111006,BUTOIESTI
25,MEHEDINTI,111097,CAZANESTI
25,MEHEDINTI,111220,CIRESU
25,MEHEDINTI,111275,CORCOVA
25,MEHEDINTI,111417,CORLATEL
25,MEHEDINTI,111444,CUJMIR
25,MEHEDINTI,111550,DARVARI
25,MEHEDINTI,111480,DEVESEL
25,MEHEDINTI,112904,DUBOVA
25,MEHEDINTI,111587,DUMBRAVA
25,MEHEDINTI,112245,ESELNITA
25,MEHEDINTI,111685,FLORESTI
25,MEHEDINTI,111783,GARLA MARE
25,MEHEDINTI,111818,GODEANU
25,MEHEDINTI,111863,GOGOSU
25,MEHEDINTI,111916,GRECI
25,MEHEDINTI,111989,GROZESTI
25,MEHEDINTI,112030,GRUIA
25,MEHEDINTI,112076,HINOVA
25,MEHEDINTI,112129,HUSNICIOARA
25,MEHEDINTI,112263,ILOVAT
25,MEHEDINTI,112334,ILOVITA
25,MEHEDINTI,112370,ISVERNA
25,MEHEDINTI,112469,IZVORU BARZII
25,MEHEDINTI,112548,JIANA
25,MEHEDINTI,112600,LIVEZILE
25,MEHEDINTI,112664,MALOVAT
25,MEHEDINTI,112744,OBARSIA DE CAMP
25,MEHEDINTI,110027,OBARSIA-CLOSANI
25,MEHEDINTI,112771,OPRISOR
25,MEHEDINTI,112806,PADINA
25,MEHEDINTI,112879,PATULELE
25,MEHEDINTI,112959,PODENI
25,MEHEDINTI,112995,PONOARELE
25,MEHEDINTI,113153,POROINA MARE
25,MEHEDINTI,113206,PRISTOL
25,MEHEDINTI,113233,PRUNISOR
25,MEHEDINTI,113395,PUNGHINA
25,MEHEDINTI,113466,ROGOVA
25,MEHEDINTI,113493,SALCIA
25,MEHEDINTI,109826,SIMIAN
25,MEHEDINTI,113625,SISESTI
25,MEHEDINTI,113698,SOVARNA
25,MEHEDINTI,113518,STANGACEAUA
25,MEHEDINTI,113607,SVINITA
25,MEHEDINTI,113732,TAMNA
25,MEHEDINTI,113849,VANATORI
25,MEHEDINTI,113894,VANJULET
25,MEHEDINTI,113929,VLADAIA
25,MEHEDINTI,113974,VOLOIAC
25,MEHEDINTI,114079,VRATA
26,MURES,114319,MUNICIPIUL TARGU MURES
26,MURES,114809,MUNICIPIUL REGHIN
26,MURES,114514,MUNICIPIUL SIGHISOARA
26,MURES,114925,MUNICIPIUL TARNAVENI
26,MURES,117827,ORAS IERNUT
26,MURES,114710,ORAS LUDUS
26,MURES,118281,ORAS MIERCUREA NIRAJULUI
26,MURES,119331,ORAS SANGEORGIU DE PADURE
26,MURES,119242,ORAS SARMASU
26,MURES,114854,ORAS SOVATA
26,MURES,119894,ORAS UNGHENI
26,MURES,114970,ACATARI
26,MURES,115076,ADAMUS
26,MURES,114603,ALBESTI
26,MURES,115147,ALUNIS
26,MURES,115183,APOLD
26,MURES,115236,ATINTIS
26,MURES,115575,BAGACIU
26,MURES,115307,BAHNEA
26,MURES,115600,BALA
26,MURES,115637,BALAUSERI
26,MURES,115389,BAND
26,MURES,115520,BATOS
26,MURES,115708,BEICA DE JOS
26,MURES,120511,BERENI
26,MURES,115771,BICHIS
26,MURES,115824,BOGATA
26,MURES,115897,BRANCOVENESTI
26,MURES,115851,BREAZA
26,MURES,115959,CEUASU DE CAMPIE
26,MURES,116046,CHETANI
26,MURES,120478,CHIBED
26,MURES,116126,CHIHERU DE JOS
26,MURES,116171,COROISANMARTIN
26,MURES,120487,CORUNCA
26,MURES,116224,COZMA
26,MURES,116288,CRACIUNESTI
26,MURES,116340,CRAIESTI
26,MURES,114355,CRISTESTI
26,MURES,116395,CUCERDEA
26,MURES,116439,CUCI
26,MURES,116493,DANES
26,MURES,116545,DEDA
26,MURES,116590,EREMITU
26,MURES,116652,ERNEI
26,MURES,116796,FANTANELE
26,MURES,116723,FARAGAU
26,MURES,116867,GALESTI
26,MURES,116938,GANESTI
26,MURES,116983,GHEORGHE DOJA
26,MURES,117042,GHINDARI
26,MURES,117113,GLODENI
26,MURES,117177,GORNESTI
26,MURES,117275,GREBENISU DE CAMPIE
26,MURES,117319,GURGHIU
26,MURES,117426,HODAC
26,MURES,117505,HODOSA
26,MURES,117550,IBANESTI
26,MURES,117667,ICLANZEL
26,MURES,117783,IDECIU DE JOS
26,MURES,117925,LIVEZENI
26,MURES,117998,LUNCA
26,MURES,118058,LUNCA BRADULUI
26,MURES,120502,MADARAS
26,MURES,118094,MAGHERANI
26,MURES,118209,MICA
26,MURES,118370,MIHESU DE CAMPIE
26,MURES,118469,NADES
26,MURES,118511,NEAUA
26,MURES,118575,OGRA
26,MURES,118691,PANET
26,MURES,118637,PAPIU ILARIAN
26,MURES,118753,PASARENI
26,MURES,118799,PETELEA
26,MURES,118824,POGACEAUA
26,MURES,118995,RACIU
26,MURES,118931,RASTOLITA
26,MURES,119153,RUSII-MUNTI
26,MURES,114382,SANCRAIU DE MURES
26,MURES,114417,SANGEORGIU DE MURES
26,MURES,119386,SANGER
26,MURES,119466,SANPAUL
26,MURES,119527,SANPETRU DE CAMPIE
26,MURES,114453,SANTANA DE MURES
26,MURES,120496,SARATENI
26,MURES,119206,SASCHIZ
26,MURES,119750,SAULIA
26,MURES,119803,SINCAI
26,MURES,119590,SOLOVASTRU
26,MURES,119625,STANCENI
26,MURES,119661,SUPLAC
26,MURES,119723,SUSENI
26,MURES,119858,TAURENI
26,MURES,119974,VALEA LARGA
26,MURES,120254,VANATORI
26,MURES,120076,VARGATA
26,MURES,120138,VATAVA
26,MURES,120174,VETCA
26,MURES,120218,VIISOARA
26,MURES,120316,VOIVODENI
26,MURES,120343,ZAGAR
26,MURES,120370,ZAU DE CAMPIE
27,NEAMT,120726,MUNICIPIUL PIATRA-NEAMT
27,NEAMT,120860,MUNICIPIUL ROMAN
27,NEAMT,120968,ORAS BICAZ
27,NEAMT,124117,ORAS ROZNOV
27,NEAMT,121055,ORAS TARGU NEAMT
27,NEAMT,121108,AGAPIA
27,NEAMT,124938,ALEXANDRU CEL BUN
27,NEAMT,121153,BAHNA
27,NEAMT,121242,BALTATESTI
27,NEAMT,121466,BARGAUANI
27,NEAMT,121297,BICAZ-CHEI
27,NEAMT,121340,BICAZU ARDELEAN
27,NEAMT,121386,BIRA
27,NEAMT,121607,BODESTI
27,NEAMT,125178,BOGHICEA
27,NEAMT,121652,BORCA
27,NEAMT,121732,BORLESTI
27,NEAMT,121796,BOTESTI
27,NEAMT,121876,BOZIENI
27,NEAMT,121938,BRUSTURI
27,NEAMT,122061,CANDESTI
27,NEAMT,122025,CEAHLAU
27,NEAMT,120888,CORDUN
27,NEAMT,122132,COSTISA
27,NEAMT,122187,CRACAOANI
27,NEAMT,122249,DAMUC
27,NEAMT,122285,DOBRENI
27,NEAMT,125098,DOCHIA
27,NEAMT,122347,DOLJESTI
27,NEAMT,125132,DRAGANESTI
27,NEAMT,122392,DRAGOMIRESTI
27,NEAMT,122463,DULCESTI
27,NEAMT,120771,DUMBRAVA ROSIE
27,NEAMT,122551,FARCASA
27,NEAMT,122613,FAUREI
27,NEAMT,125150,GADINTI
27,NEAMT,122828,GARCINA
27,NEAMT,122668,GHERAESTI
27,NEAMT,125114,GHINDAOANI
27,NEAMT,122702,GIROV
27,NEAMT,122864,GRINTIES
27,NEAMT,122908,GRUMAZESTI
27,NEAMT,122953,HANGU
27,NEAMT,120922,HORIA
27,NEAMT,123013,ICUSESTI
27,NEAMT,123102,ION CREANGA
27,NEAMT,123175,MARGINENI
27,NEAMT,123228,MOLDOVENI
27,NEAMT,125169,NEGRESTI
27,NEAMT,123255,ONICENI
27,NEAMT,125141,PANCESTI
27,NEAMT,123601,PANGARATI
27,NEAMT,123371,PASTRAVENI
27,NEAMT,123424,PETRICANI
27,NEAMT,123479,PIATRA SOIMULUI
27,NEAMT,123521,PIPIRIG
27,NEAMT,123674,PODOLENI
27,NEAMT,123790,POIANA TEIULUI
27,NEAMT,123709,POIENARI
27,NEAMT,123914,RAUCESTI
27,NEAMT,123969,RAZBOIENI
27,NEAMT,124028,REDIU
27,NEAMT,124073,ROMANI
27,NEAMT,125105,RUGINOASA
27,NEAMT,124206,SABAOANI
27,NEAMT,124153,SAGNA
27,NEAMT,120824,SAVINESTI
27,NEAMT,124233,SECUIENI
27,NEAMT,124331,STANITA
27,NEAMT,124411,STEFAN CEL MARE
27,NEAMT,124634,TAMASENI
27,NEAMT,124493,TARCAU
27,NEAMT,124563,TASCA
27,NEAMT,124616,TAZLAU
27,NEAMT,124803,TIBUCANI
27,NEAMT,124661,TIMISESTI
27,NEAMT,124723,TRIFESTI
27,NEAMT,124750,TUPILATI
27,NEAMT,124849,URECHENI
27,NEAMT,124885,VALEA URSULUI
27,NEAMT,125123,VALENI
27,NEAMT,125016,VANATORI-NEAMT
27,NEAMT,125061,ZANESTI
28,OLT,125347,MUNICIPIUL SLATINA
28,OLT,125472,MUNICIPIUL CARACAL
28,OLT,125418,ORAS BALS
28,OLT,125542,ORAS CORABIA
28,OLT,125622,ORAS DRAGANESTI-OLT
28,OLT,128105,ORAS PIATRA-OLT
28,OLT,128374,ORAS POTCOAVA
28,OLT,128711,ORAS SCORNICESTI
28,OLT,125659,BABICIU
28,OLT,125677,BALDOVINESTI
28,OLT,130286,BALTENI
28,OLT,125757,BARASTI
28,OLT,125846,BARZA
28,OLT,125873,BOBICESTI
28,OLT,126022,BRANCOVENI
28,OLT,125962,BRASTAVATU
28,OLT,125999,BREBENI
28,OLT,126077,BUCINISU
28,OLT,130295,CALUI
28,OLT,126166,CARLOGANI
28,OLT,126102,CEZIENI
28,OLT,126148,CILIENI
28,OLT,126228,COLONESTI
28,OLT,126326,CORBU
28,OLT,126380,COTEANA
28,OLT,126406,CRAMPOIA
28,OLT,126503,CUNGREA
28,OLT,126433,CURTISOARA
28,OLT,126585,DANEASA
28,OLT,126647,DEVESELU
28,OLT,126674,DOBRETU
28,OLT,126718,DOBROSLOVENI
28,OLT,126772,DOBROTEASA
28,OLT,126825,DOBRUN
28,OLT,125490,DRAGHICENI
28,OLT,126905,FAGETELU
28,OLT,126978,FALCOIU
28,OLT,127019,FARCASELE
28,OLT,127064,GANEASA
28,OLT,125588,GARCOV
28,OLT,130302,GAVANESTI
28,OLT,130311,GHIMPETENI
28,OLT,127126,GIUVARASTI
28,OLT,127144,GOSTAVATU
28,OLT,127171,GRADINARI
28,OLT,130320,GRADINILE
28,OLT,127224,GROJDIBODU
28,OLT,130339,GURA PADINII
28,OLT,127251,IANCA
28,OLT,127288,IANCU JIANU
28,OLT,127322,ICOANA
28,OLT,130348,IPOTESTI
28,OLT,127368,IZBICENI
28,OLT,127386,IZVOARELE
28,OLT,127411,LELEASCA
28,OLT,127493,MARUNTEI
28,OLT,127536,MIHAESTI
28,OLT,127563,MILCOV
28,OLT,127625,MORUNGLAV
28,OLT,127689,MOVILENI
28,OLT,127714,NICOLAE TITULESCU
28,OLT,127750,OBARSIA
28,OLT,127812,OBOGA
28,OLT,127858,OPORELU
28,OLT,127901,OPTASI-MAGURA
28,OLT,127938,ORLEA
28,OLT,130357,OSICA DE JOS
28,OLT,127983,OSICA DE SUS
28,OLT,128178,PARSCOVENI
28,OLT,128052,PERIETI
28,OLT,128221,PLESOIU
28,OLT,128301,POBORU
28,OLT,128436,PRISEACA
28,OLT,128472,RADOMIRESTI
28,OLT,128524,REDEA
28,OLT,128560,ROTUNDA
28,OLT,128588,RUSANESTI
28,OLT,128882,SAMBURESTI
28,OLT,130366,SARBII-MAGURA
28,OLT,128613,SCARISOARA
28,OLT,128659,SCHITU
28,OLT,128864,SEACA
28,OLT,129246,SERBANESTI
28,OLT,125374,SLATIOARA
28,OLT,130384,SOPARLITA
28,OLT,128962,SPINENI
28,OLT,129040,SPRANCENATA
28,OLT,129282,STEFAN CEL MARE
28,OLT,129095,STOENESTI
28,OLT,129111,STOICANESTI
28,OLT,129139,STREJESTI
28,OLT,129184,STUDINA
28,OLT,129317,TATULESTI
28,OLT,129380,TESLUI
28,OLT,129460,TIA MARE
28,OLT,129503,TOPANA
28,OLT,129567,TRAIAN
28,OLT,129585,TUFENI
28,OLT,129629,URZICA
28,OLT,129718,VADASTRA
28,OLT,129745,VADASTRITA
28,OLT,129987,VALCELE
28,OLT,129656,VALEA MARE
28,OLT,129763,VALENI
28,OLT,129816,VERGULEASA
28,OLT,129898,VISINA
28,OLT,130375,VISINA NOUA
28,OLT,129914,VITOMIRESTI
28,OLT,130026,VLADILA
28,OLT,130062,VOINEASA
28,OLT,130124,VULPENI
28,OLT,130231,VULTURESTI
29,PRAHOVA,130534,MUNICIPIUL PLOIESTI
29,PRAHOVA,131256,MUNICIPIUL CAMPINA
29,PRAHOVA,130954,ORAS AZUGA
29,PRAHOVA,130981,ORAS BAICOI
29,PRAHOVA,131069,ORAS BOLDESTI-SCAENI
29,PRAHOVA,131103,ORAS BREAZA
29,PRAHOVA,131210,ORAS BUSTENI
29,PRAHOVA,131336,ORAS COMARNIC
29,PRAHOVA,131407,ORAS MIZIL
29,PRAHOVA,131443,ORAS PLOPENI
29,PRAHOVA,131540,ORAS SINAIA
29,PRAHOVA,131577,ORAS SLANIC
29,PRAHOVA,131620,ORAS URLATI
29,PRAHOVA,131817,ORAS VALENII DE MUNTE
29,PRAHOVA,131899,ADUNATI
29,PRAHOVA,131933,ALBESTI-PALEOLOGU
29,PRAHOVA,131988,ALUNIS
29,PRAHOVA,132011,APOSTOLACHE
29,PRAHOVA,132075,ARICESTII RAHTIVANI
29,PRAHOVA,132137,ARICESTII ZELETIN
29,PRAHOVA,132164,BABA ANA
29,PRAHOVA,132226,BALTA DOAMNEI
29,PRAHOVA,132271,BALTESTI
29,PRAHOVA,132315,BANESTI
29,PRAHOVA,130552,BARCANESTI
29,PRAHOVA,136278,BATRANI
29,PRAHOVA,130614,BERCENI
29,PRAHOVA,132342,BERTEA
29,PRAHOVA,130678,BLEJOI
29,PRAHOVA,132379,BOLDESTI-GRADISTEA
29,PRAHOVA,130712,BRAZI
29,PRAHOVA,132404,BREBU
29,PRAHOVA,130785,BUCOV
29,PRAHOVA,132459,CALUGARENI
29,PRAHOVA,132486,CARBUNESTI
29,PRAHOVA,132510,CEPTURA
29,PRAHOVA,132574,CERASU
29,PRAHOVA,132645,CHIOJDEANCA
29,PRAHOVA,132681,CIORANI
29,PRAHOVA,136241,COCORASTII COLT
29,PRAHOVA,132716,COCORASTII MISLII
29,PRAHOVA,132752,COLCEAG
29,PRAHOVA,132805,CORNU
29,PRAHOVA,132841,COSMINELE
29,PRAHOVA,133018,DRAGANESTI
29,PRAHOVA,132896,DRAJNA
29,PRAHOVA,133090,DUMBRAVA
29,PRAHOVA,131461,DUMBRAVESTI
29,PRAHOVA,133278,FANTANELE
29,PRAHOVA,133161,FILIPESTII DE PADURE
29,PRAHOVA,133214,FILIPESTII DE TARG
29,PRAHOVA,133330,FLORESTI
29,PRAHOVA,133394,FULGA
29,PRAHOVA,133429,GHERGHITA
29,PRAHOVA,133508,GORGOTA
29,PRAHOVA,133562,GORNET
29,PRAHOVA,133615,GORNET-CRICOV
29,PRAHOVA,133688,GURA VADULUI
29,PRAHOVA,131835,GURA VITIOAREI
29,PRAHOVA,133722,IORDACHEANU
29,PRAHOVA,133795,IZVOARELE
29,PRAHOVA,133866,JUGURENI
29,PRAHOVA,133919,LAPOS
29,PRAHOVA,133964,LIPANESTI
29,PRAHOVA,134014,MAGURELE
29,PRAHOVA,134050,MAGURENI
29,PRAHOVA,134096,MANECIU
29,PRAHOVA,134194,MANESTI
29,PRAHOVA,136250,OLARI
29,PRAHOVA,134336,PACURETI
29,PRAHOVA,130847,PAULESTI
29,PRAHOVA,134390,PLOPU
29,PRAHOVA,134443,PODENII NOI
29,PRAHOVA,131274,POIANA CAMPINA
29,PRAHOVA,134559,POIENARII BURCHII
29,PRAHOVA,134648,POSESTI
29,PRAHOVA,134755,PREDEAL-SARARI
29,PRAHOVA,134853,PROVITA DE JOS
29,PRAHOVA,134899,PROVITA DE SUS
29,PRAHOVA,134942,PUCHENII MARI
29,PRAHOVA,135020,RAFOV
29,PRAHOVA,135128,SALCIA
29,PRAHOVA,135146,SALCIILE
29,PRAHOVA,135244,SANGERU
29,PRAHOVA,135164,SCORTENI
29,PRAHOVA,135226,SECARIA
29,PRAHOVA,135431,SIRNA
29,PRAHOVA,135501,SOIMARI
29,PRAHOVA,135547,SOTRILE
29,PRAHOVA,135315,STARCHIOJD
29,PRAHOVA,135618,STEFESTI
29,PRAHOVA,135404,SURANI
29,PRAHOVA,135654,TALEA
29,PRAHOVA,130892,TARGSORU VECHI
29,PRAHOVA,135681,TATARU
29,PRAHOVA,135725,TEISANI
29,PRAHOVA,135789,TELEGA
29,PRAHOVA,135850,TINOSU
29,PRAHOVA,135896,TOMSANI
29,PRAHOVA,136269,VADU SAPAT
29,PRAHOVA,136198,VALCANESTI
29,PRAHOVA,135949,VALEA CALUGAREASCA
29,PRAHOVA,136107,VALEA DOFTANEI
29,PRAHOVA,136134,VARBILAU
30,SATU MARE,136483,MUNICIPIUL SATU MARE
30,SATU MARE,136526,MUNICIPIUL CAREI
30,SATU MARE,136848,ORAS ARDUD
30,SATU MARE,138039,ORAS LIVADA
30,SATU MARE,136599,ORAS NEGRESTI-OAS
30,SATU MARE,136642,ORAS TASNAD
30,SATU MARE,136713,ACAS
30,SATU MARE,179873,AGRIS
30,SATU MARE,136768,ANDRID
30,SATU MARE,136802,APA
30,SATU MARE,137103,BARSAU
30,SATU MARE,136919,BATARCI
30,SATU MARE,136964,BELTIUG
30,SATU MARE,137032,BERVENI
30,SATU MARE,137069,BIXAD
30,SATU MARE,137130,BOGDAND
30,SATU MARE,137185,BOTIZ
30,SATU MARE,137229,CALINESTI-OAS
30,SATU MARE,137274,CAMARZANA
30,SATU MARE,179677,CAMIN
30,SATU MARE,136553,CAPLENI
30,SATU MARE,137292,CAUAS
30,SATU MARE,137363,CEHAL
30,SATU MARE,137407,CERTEZE
30,SATU MARE,179882,CIUMESTI
30,SATU MARE,137443,CRAIDOROLT
30,SATU MARE,137504,CRUCISOR
30,SATU MARE,137540,CULCIU
30,SATU MARE,137611,DOBA
30,SATU MARE,137675,DOROLT
30,SATU MARE,137728,FOIENI
30,SATU MARE,137746,GHERTA MICA
30,SATU MARE,137764,HALMEU
30,SATU MARE,137844,HODOD
30,SATU MARE,137899,HOMOROADE
30,SATU MARE,137960,LAZURI
30,SATU MARE,138084,MEDIESU AURIT
30,SATU MARE,138164,MICULA
30,SATU MARE,138208,MOFTIN
30,SATU MARE,138280,ODOREU
30,SATU MARE,138351,ORASU NOU
30,SATU MARE,138431,PAULESTI
30,SATU MARE,138501,PETRESTI
30,SATU MARE,138538,PIR
30,SATU MARE,138574,PISCOLT
30,SATU MARE,138618,POMI
30,SATU MARE,180028,PORUMBESTI
30,SATU MARE,180091,RACSA
30,SATU MARE,138770,SACASENI
30,SATU MARE,138663,SANISLAU
30,SATU MARE,138734,SANTAU
30,SATU MARE,138805,SAUCA
30,SATU MARE,138869,SOCOND
30,SATU MARE,138921,SUPUR
30,SATU MARE,139009,TARNA MARE
30,SATU MARE,139143,TARSOLT
30,SATU MARE,139054,TEREBESTI
30,SATU MARE,139107,TIREAM
30,SATU MARE,139170,TURT
30,SATU MARE,139214,TURULUNG
30,SATU MARE,139250,URZICENI
30,SATU MARE,139287,VALEA VINULUI
30,SATU MARE,139330,VAMA
30,SATU MARE,139358,VETIS
30,SATU MARE,139394,VIILE SATU MARE
31,SALAJ,139704,MUNICIPIUL ZALAU
31,SALAJ,139740,ORAS CEHU SILVANIEI
31,SALAJ,139811,ORAS JIBOU
31,SALAJ,139884,ORAS SIMLEU SILVANIEI
31,SALAJ,139937,AGRIJ
31,SALAJ,139982,ALMASU
31,SALAJ,140084,BABENI
31,SALAJ,140146,BALAN
31,SALAJ,140208,BANISOR
31,SALAJ,140244,BENESAT
31,SALAJ,140280,BOBOTA
31,SALAJ,140324,BOCSA
31,SALAJ,180037,BOGHIS
31,SALAJ,140379,BUCIUMI
31,SALAJ,140440,CAMAR
31,SALAJ,140477,CARASTELEC
31,SALAJ,140501,CHIESD
31,SALAJ,140547,CIZER
31,SALAJ,140583,COSEIU
31,SALAJ,140627,CRASNA
31,SALAJ,140672,CREACA
31,SALAJ,140823,CRISENI
31,SALAJ,140770,CRISTOLT
31,SALAJ,140869,CUZAPLAC
31,SALAJ,140958,DOBRIN
31,SALAJ,141027,DRAGU
31,SALAJ,141081,FILDU DE JOS
31,SALAJ,141134,GALGAU
31,SALAJ,141232,GARBOU
31,SALAJ,141312,HALMASD
31,SALAJ,141376,HERECLEAN
31,SALAJ,141447,HIDA
31,SALAJ,141535,HOROATU CRASNEI
31,SALAJ,141580,ILEANDA
31,SALAJ,141722,IP
31,SALAJ,141786,LETCA
31,SALAJ,141884,LOZNA
31,SALAJ,142006,MAERISTE
31,SALAJ,141946,MARCA
31,SALAJ,142079,MESESENII DE JOS
31,SALAJ,142122,MIRSID
31,SALAJ,142177,NAPRADEA
31,SALAJ,142239,NUSFALAU
31,SALAJ,142284,PERICEI
31,SALAJ,142337,PLOPIS
31,SALAJ,142373,POIANA BLENCHII
31,SALAJ,142426,ROMANASI
31,SALAJ,142499,RUS
31,SALAJ,142612,SAG
31,SALAJ,142550,SALATIG
31,SALAJ,142854,SAMSUD
31,SALAJ,142676,SANMIHAIU ALMASULUI
31,SALAJ,142881,SARMASAG
31,SALAJ,179695,SIMISNA
31,SALAJ,142710,SOMES-ODORHEI
31,SALAJ,142774,SURDUC
31,SALAJ,179631,TREZNEA
31,SALAJ,142952,VALCAU DE JOS
31,SALAJ,143021,VARSOLT
31,SALAJ,143067,ZALHA
31,SALAJ,143147,ZIMBOR
32,SIBIU,143450,MUNICIPIUL SIBIU
32,SIBIU,143619,MUNICIPIUL MEDIAS
32,SIBIU,143682,ORAS AGNITA
32,SIBIU,144054,ORAS AVRIG
32,SIBIU,143735,ORAS CISNADIE
32,SIBIU,143771,ORAS COPSA MICA
32,SIBIU,143806,ORAS DUMBRAVENI
32,SIBIU,144928,ORAS MIERCUREA SIBIULUI
32,SIBIU,143851,ORAS OCNA SIBIULUI
32,SIBIU,145499,ORAS SALISTE
32,SIBIU,145827,ORAS TALMACIU
32,SIBIU,146012,ALMA
32,SIBIU,143888,ALTINA
32,SIBIU,143922,APOLDU DE JOS
32,SIBIU,143959,ARPASU DE JOS
32,SIBIU,143995,ATEL
32,SIBIU,144116,AXENTE SEVER
32,SIBIU,144232,BARGHIS
32,SIBIU,144152,BAZNA
32,SIBIU,144198,BIERTAN
32,SIBIU,144303,BLAJEL
32,SIBIU,146021,BOITA
32,SIBIU,144376,BRADENI
32,SIBIU,144349,BRATEIU
32,SIBIU,144410,BRUIU
32,SIBIU,144508,CARTA
32,SIBIU,144535,CARTISOARA
32,SIBIU,144456,CHIRPAR
32,SIBIU,143487,CRISTIAN
32,SIBIU,144553,DARLOS
32,SIBIU,144599,GURA RAULUI
32,SIBIU,144615,HOGHILAG
32,SIBIU,144651,IACOBENI
32,SIBIU,144713,JINA
32,SIBIU,144731,LASLEA
32,SIBIU,144795,LOAMNES
32,SIBIU,144866,LUDOS
32,SIBIU,144893,MARPOD
32,SIBIU,144964,MERGHINDEAL
32,SIBIU,144991,MICASASA
32,SIBIU,145042,MIHAILENI
32,SIBIU,145104,MOSNA
32,SIBIU,145140,NOCRICH
32,SIBIU,145202,ORLAT
32,SIBIU,145220,PAUCA
32,SIBIU,145275,POIANA SIBIULUI
32,SIBIU,143502,POPLACA
32,SIBIU,145293,PORUMBACU DE JOS
32,SIBIU,145355,RACOVITA
32,SIBIU,143520,RASINARI
32,SIBIU,145382,RAU SADULUI
32,SIBIU,145408,ROSIA
32,SIBIU,145471,SADU
32,SIBIU,145667,SEICA MARE
32,SIBIU,145738,SEICA MICA
32,SIBIU,143557,SELIMBAR
32,SIBIU,145603,SLIMNIC
32,SIBIU,145765,SURA MARE
32,SIBIU,145792,SURA MICA
32,SIBIU,143646,TARNAVA
32,SIBIU,145907,TILISCA
32,SIBIU,145934,TURNU ROSU
32,SIBIU,145961,VALEA VIILOR
32,SIBIU,145998,VURPAR
33,SUCEAVA,146263,MUNICIPIUL SUCEAVA
33,SUCEAVA,146502,MUNICIPIUL CAMPULUNG MOLDOVENESC
33,SUCEAVA,146539,MUNICIPIUL FALTICENI
33,SUCEAVA,146628,MUNICIPIUL RADAUTI
33,SUCEAVA,146744,MUNICIPIUL VATRA DORNEI
33,SUCEAVA,147358,ORAS BROSTENI
33,SUCEAVA,147633,ORAS CAJVANA
33,SUCEAVA,148006,ORAS DOLHASCA
33,SUCEAVA,148612,ORAS FRASIN
33,SUCEAVA,146584,ORAS GURA HUMORULUI
33,SUCEAVA,149227,ORAS LITENI
33,SUCEAVA,146931,ORAS MILISAUTI
33,SUCEAVA,146370,ORAS SALCEA
33,SUCEAVA,146655,ORAS SIRET
33,SUCEAVA,146708,ORAS SOLCA
33,SUCEAVA,151095,ORAS VICOVU DE SUS
33,SUCEAVA,146799,ADANCATA
33,SUCEAVA,146860,ARBORE
33,SUCEAVA,146904,BAIA
33,SUCEAVA,151530,BALACEANA
33,SUCEAVA,146995,BALCAUTI
33,SUCEAVA,151576,BERCHISESTI
33,SUCEAVA,147036,BILCA
33,SUCEAVA,147054,BOGDANESTI
33,SUCEAVA,147072,BOROAIA
33,SUCEAVA,147134,BOSANCI
33,SUCEAVA,147161,BOTOSANA
33,SUCEAVA,147205,BREAZA
33,SUCEAVA,147241,BRODINA
33,SUCEAVA,147465,BUNESTI
33,SUCEAVA,151521,BURLA
33,SUCEAVA,147526,CACICA
33,SUCEAVA,147580,CALAFINDESTI
33,SUCEAVA,151503,CAPU CAMPULUI
33,SUCEAVA,147713,CARLIBABA
33,SUCEAVA,151451,CIOCANESTI
33,SUCEAVA,151567,CIPRIAN PORUMBESCU
33,SUCEAVA,151433,COMANESTI
33,SUCEAVA,147786,CORNU LUNCII
33,SUCEAVA,151497,COSNA
33,SUCEAVA,147884,CRUCEA
33,SUCEAVA,147937,DARMANESTI
33,SUCEAVA,148097,DOLHESTI
33,SUCEAVA,148202,DORNA CANDRENILOR
33,SUCEAVA,148131,DORNA-ARINI
33,SUCEAVA,148293,DORNESTI
33,SUCEAVA,148328,DRAGOIESTI
33,SUCEAVA,148382,DRAGUSENI
33,SUCEAVA,148426,DUMBRAVENI
33,SUCEAVA,151488,FANTANA MARE
33,SUCEAVA,148453,FANTANELE
33,SUCEAVA,148514,FORASTI
33,SUCEAVA,148667,FRATAUTII NOI
33,SUCEAVA,148694,FRATAUTII VECHI
33,SUCEAVA,148729,FRUMOSU
33,SUCEAVA,148765,FUNDU MOLDOVEI
33,SUCEAVA,148872,GALANESTI
33,SUCEAVA,148916,GRAMESTI
33,SUCEAVA,148970,GRANICESTI
33,SUCEAVA,151512,HANTESTI
33,SUCEAVA,151549,HARTOP
33,SUCEAVA,149101,HORODNIC DE JOS
33,SUCEAVA,151479,HORODNIC DE SUS
33,SUCEAVA,149049,HORODNICENI
33,SUCEAVA,149138,IACOBENI
33,SUCEAVA,151442,IASLOVAT
33,SUCEAVA,147660,ILISESTI
33,SUCEAVA,146281,IPOTESTI
33,SUCEAVA,149183,IZVOARELE SUCEVEI
33,SUCEAVA,149316,MALINI
33,SUCEAVA,149370,MANASTIREA HUMORULUI
33,SUCEAVA,149290,MARGINEA
33,SUCEAVA,146325,MITOCU DRAGOMIRNEI
33,SUCEAVA,149414,MOARA
33,SUCEAVA,149502,MOLDOVA-SULITA
33,SUCEAVA,149539,MOLDOVITA
33,SUCEAVA,149584,MUSENITA
33,SUCEAVA,149655,OSTRA
33,SUCEAVA,149753,PALTINOASA
33,SUCEAVA,149682,PANACI
33,SUCEAVA,149780,PARTESTII DE JOS
33,SUCEAVA,149833,PATRAUTI
33,SUCEAVA,149851,POIANA STAMPEI
33,SUCEAVA,151585,POIENI-SOLCA
33,SUCEAVA,149931,POJORATA
33,SUCEAVA,149968,PREUTESTI
33,SUCEAVA,150043,PUTNA
33,SUCEAVA,150070,RADASENI
33,SUCEAVA,150114,RASCA
33,SUCEAVA,150178,SADOVA
33,SUCEAVA,150445,SARU DORNEI
33,SUCEAVA,150196,SATU MARE
33,SUCEAVA,146432,SCHEIA
33,SUCEAVA,151460,SERBAUTI
33,SUCEAVA,150221,SIMINICEA
33,SUCEAVA,150258,SLATINA
33,SUCEAVA,150294,STRAJA
33,SUCEAVA,150310,STROIESTI
33,SUCEAVA,150356,STULPICANI
33,SUCEAVA,150418,SUCEVITA
33,SUCEAVA,150524,TODIRESTI
33,SUCEAVA,150588,UDESTI
33,SUCEAVA,150702,ULMA
33,SUCEAVA,150766,VADU MOLDOVEI
33,SUCEAVA,150891,VALEA MOLDOVEI
33,SUCEAVA,150935,VAMA
33,SUCEAVA,150980,VATRA MOLDOVITEI
33,SUCEAVA,151022,VERESTI
33,SUCEAVA,151077,VICOVU DE JOS
33,SUCEAVA,151558,VOITINEL
33,SUCEAVA,151120,VOLOVAT
33,SUCEAVA,151157,VULTURESTI
33,SUCEAVA,151246,ZAMOSTEA
33,SUCEAVA,151344,ZVORISTEA
34,TELEORMAN,151790,MUNICIPIUL ALEXANDRIA
34,TELEORMAN,151870,MUNICIPIUL ROSIORI DE VEDE
34,TELEORMAN,151683,MUNICIPIUL TURNU MAGURELE
34,TELEORMAN,151905,ORAS VIDELE
34,TELEORMAN,151978,ORAS ZIMNICEA
34,TELEORMAN,152038,BABAITA
34,TELEORMAN,151996,BALACI
34,TELEORMAN,155083,BECIU
34,TELEORMAN,155092,BEUCA
34,TELEORMAN,152083,BLEJESTI
34,TELEORMAN,152127,BOGDANA
34,TELEORMAN,152172,BOTOROAGA
34,TELEORMAN,152234,BRAGADIRU
34,TELEORMAN,152252,BRANCENI
34,TELEORMAN,152270,BUJORENI
34,TELEORMAN,152314,BUJORU
34,TELEORMAN,152332,BUZESCU
34,TELEORMAN,152350,CALINESTI
34,TELEORMAN,152412,CALMATUIU
34,TELEORMAN,152467,CALMATUIU DE SUS
34,TELEORMAN,152500,CERVENIA
34,TELEORMAN,152528,CIOLANESTI
34,TELEORMAN,151709,CIUPERCENI
34,TELEORMAN,152564,CONTESTI
34,TELEORMAN,152582,COSMESTI
34,TELEORMAN,152617,CRANGENI
34,TELEORMAN,152662,CRANGU
34,TELEORMAN,151932,CREVENICU
34,TELEORMAN,152724,DIDESTI
34,TELEORMAN,152760,DOBROTESTI
34,TELEORMAN,155109,DRACEA
34,TELEORMAN,152797,DRACSENEI
34,TELEORMAN,152868,DRAGANESTI DE VEDE
34,TELEORMAN,152902,DRAGANESTI-VLASCA
34,TELEORMAN,155118,FANTANELE
34,TELEORMAN,155127,FRASINET
34,TELEORMAN,152993,FRUMOASA
34,TELEORMAN,152948,FURCULESTI
34,TELEORMAN,153026,GALATENI
34,TELEORMAN,153062,GRATIA
34,TELEORMAN,151736,ISLAZ
34,TELEORMAN,153106,IZVOARELE
34,TELEORMAN,153124,LISA
34,TELEORMAN,151763,LITA
34,TELEORMAN,153151,LUNCA
34,TELEORMAN,153240,MAGURA
34,TELEORMAN,153277,MALDAENI
34,TELEORMAN,153339,MARZANESTI
34,TELEORMAN,153204,MAVRODIN
34,TELEORMAN,153295,MERENI
34,TELEORMAN,153384,MOSTENI
34,TELEORMAN,151816,NANOV
34,TELEORMAN,153400,NASTURELU
34,TELEORMAN,153437,NECSESTI
34,TELEORMAN,154996,NENCIULESTI
34,TELEORMAN,153473,OLTENI
34,TELEORMAN,153507,ORBEASCA
34,TELEORMAN,153543,PERETU
34,TELEORMAN,153561,PIATRA
34,TELEORMAN,153589,PIETROSANI
34,TELEORMAN,153623,PLOPII-SLAVITESTI
34,TELEORMAN,153605,PLOSCA
34,TELEORMAN,153696,POENI
34,TELEORMAN,151834,POROSCHIA
34,TELEORMAN,155136,PURANI
34,TELEORMAN,153829,PUTINEIU
34,TELEORMAN,153865,RADOIESTI
34,TELEORMAN,153909,RASMIRESTI
34,TELEORMAN,153972,SACENI
34,TELEORMAN,155145,SAELELE
34,TELEORMAN,153936,SALCIA
34,TELEORMAN,154308,SARBENI
34,TELEORMAN,154013,SCRIOASTEA
34,TELEORMAN,154068,SCURTU MARE
34,TELEORMAN,154139,SEACA
34,TELEORMAN,154184,SEGARCEA-VALE
34,TELEORMAN,154166,SFINTESTI
34,TELEORMAN,154228,SILISTEA
34,TELEORMAN,154282,SILISTEA-GUMESTI
34,TELEORMAN,154344,SLOBOZIA MANDRA
34,TELEORMAN,154380,SMARDIOASA
34,TELEORMAN,154415,STEJARU
34,TELEORMAN,154497,STOROBANEASA
34,TELEORMAN,154460,SUHAIA
34,TELEORMAN,154521,TALPA
34,TELEORMAN,154585,TATARASTII DE JOS
34,TELEORMAN,154665,TATARASTII DE SUS
34,TELEORMAN,154834,TIGANESTI
34,TELEORMAN,154736,TRAIAN
34,TELEORMAN,154754,TRIVALEA-MOSTENI
34,TELEORMAN,154790,TROIANUL
34,TELEORMAN,155154,UDA-CLOCOCIOV
34,TELEORMAN,154932,VARTOAPE
34,TELEORMAN,154852,VEDEA
34,TELEORMAN,154914,VIISOARA
34,TELEORMAN,153776,VITANESTI
34,TELEORMAN,154978,ZAMBREASCA
35,TIMIS,155243,MUNICIPIUL TIMISOARA
35,TIMIS,155350,MUNICIPIUL LUGOJ
35,TIMIS,155403,ORAS BUZIAS
35,TIMIS,156357,ORAS CIACOVA
35,TIMIS,155458,ORAS DETA
35,TIMIS,156801,ORAS FAGET
35,TIMIS,157086,ORAS GATAIA
35,TIMIS,155494,ORAS JIMBOLIA
35,TIMIS,158314,ORAS RECAS
35,TIMIS,155528,ORAS SANNICOLAU MARE
35,TIMIS,155546,BALINT
35,TIMIS,155591,BANLOC
35,TIMIS,155662,BARA
35,TIMIS,155957,BARNA
35,TIMIS,155724,BEBA VECHE
35,TIMIS,155760,BECICHERECU MIC
35,TIMIS,155797,BELINT
35,TIMIS,155840,BETHAUSEN
35,TIMIS,155911,BILED
35,TIMIS,159366,BIRDA
35,TIMIS,156035,BOGDA
35,TIMIS,156106,BOLDUR
35,TIMIS,156151,BRESTOVAT
35,TIMIS,159516,BUCOVAT
35,TIMIS,156213,CARPINIS
35,TIMIS,156259,CENAD
35,TIMIS,156277,CENEI
35,TIMIS,159375,CHECEA
35,TIMIS,156311,CHEVERESU MARE
35,TIMIS,156437,COMLOSU MARE
35,TIMIS,156473,COSTEIU
35,TIMIS,156534,CRICIOVA
35,TIMIS,156589,CURTEA
35,TIMIS,156623,DAROVA
35,TIMIS,156669,DENTA
35,TIMIS,159384,DUDESTII NOI
35,TIMIS,156712,DUDESTII VECHI
35,TIMIS,156767,DUMBRAVA
35,TIMIS,155261,DUMBRAVITA
35,TIMIS,156927,FARDEA
35,TIMIS,159393,FIBIS
35,TIMIS,157004,FOENI
35,TIMIS,157031,GAVOJDIA
35,TIMIS,159400,GHILAD
35,TIMIS,155289,GHIRODA
35,TIMIS,157193,GHIZELA
35,TIMIS,157246,GIARMATA
35,TIMIS,157273,GIERA
35,TIMIS,155314,GIROC
35,TIMIS,157317,GIULVAZ
35,TIMIS,159419,GOTTLOB
35,TIMIS,159428,IECEA MARE
35,TIMIS,157362,JAMU MARE
35,TIMIS,157424,JEBEL
35,TIMIS,157451,LENAUHEIM
35,TIMIS,157497,LIEBLING
35,TIMIS,159491,LIVEZILE
35,TIMIS,157530,LOVRIN
35,TIMIS,157736,MANASTIUR
35,TIMIS,157585,MARGINA
35,TIMIS,157683,MASLOC
35,TIMIS,157781,MORAVITA
35,TIMIS,157834,MOSNITA NOUA
35,TIMIS,157898,NADRAG
35,TIMIS,157923,NITCHIDORF
35,TIMIS,157969,OHABA LUNGA
35,TIMIS,158010,ORTISOARA
35,TIMIS,159525,OTELEC
35,TIMIS,159446,PADURENI
35,TIMIS,159437,PARTA
35,TIMIS,158065,PECIU NOU
35,TIMIS,158109,PERIAM
35,TIMIS,159507,PESAC
35,TIMIS,158136,PIETROASA
35,TIMIS,158181,PISCHIA
35,TIMIS,158243,RACOVITA
35,TIMIS,158396,REMETEA MARE
35,TIMIS,158564,SACALAZ
35,TIMIS,158449,SACOSU TURCESC
35,TIMIS,158779,SAG
35,TIMIS,158653,SANANDREI
35,TIMIS,159464,SANDRA
35,TIMIS,158699,SANMIHAIU ROMAN
35,TIMIS,158733,SANPETRU MARE
35,TIMIS,159455,SARAVALE
35,TIMIS,158528,SATCHINEZ
35,TIMIS,158608,SECAS
35,TIMIS,158804,STIUCA
35,TIMIS,158859,TEREMIA MARE
35,TIMIS,158895,TOMESTI
35,TIMIS,159473,TOMNATIC
35,TIMIS,158966,TOPOLOVATU MARE
35,TIMIS,159035,TORMAC
35,TIMIS,159071,TRAIAN VUIA
35,TIMIS,159142,UIVAR
35,TIMIS,159482,VALCANI
35,TIMIS,159213,VARIAS
35,TIMIS,159259,VICTOR VLAD DELAMARINA
35,TIMIS,159339,VOITEG
36,TULCEA,159614,MUNICIPIUL TULCEA
36,TULCEA,159650,ORAS BABADAG
36,TULCEA,159687,ORAS ISACCEA
36,TULCEA,159730,ORAS MACIN
36,TULCEA,159767,ORAS SULINA
36,TULCEA,159785,BAIA
36,TULCEA,159847,BEIDAUD
36,TULCEA,161552,BESTEPE
36,TULCEA,159883,C.A. ROSETTI
36,TULCEA,159945,CARCALIU
36,TULCEA,159963,CASIMCEA
36,TULCEA,160092,CEAMURLIA DE JOS
36,TULCEA,160047,CEATALCHIOI
36,TULCEA,160127,CERNA
36,TULCEA,160172,CHILIA VECHE
36,TULCEA,160225,CIUCUROVA
36,TULCEA,160261,CRISAN
36,TULCEA,160305,DAENI
36,TULCEA,160323,DOROBANTU
36,TULCEA,160387,FRECATEI
36,TULCEA,160430,GRECI
36,TULCEA,160458,GRINDU
36,TULCEA,160476,HAMCEARCA
36,TULCEA,160528,HORIA
36,TULCEA,161525,I.C.BRATIANU
36,TULCEA,160564,IZVOARELE
36,TULCEA,160617,JIJILA
36,TULCEA,160644,JURILOVCA
36,TULCEA,160680,LUNCAVITA
36,TULCEA,160724,MAHMUDIA
36,TULCEA,160779,MALIUC
36,TULCEA,160831,MIHAI BRAVU
36,TULCEA,160877,MIHAIL KOGALNICEANU
36,TULCEA,160911,MURIGHIOL
36,TULCEA,160993,NALBANT
36,TULCEA,161035,NICULITEL
36,TULCEA,161053,NUFARU
36,TULCEA,161106,OSTROV
36,TULCEA,161133,PARDINA
36,TULCEA,161151,PECENEAGA
36,TULCEA,161179,SARICHIOI
36,TULCEA,161231,SFANTU GHEORGHE
36,TULCEA,161259,SLAVA CERCHEZA
36,TULCEA,161286,SMARDAN
36,TULCEA,161302,SOMOVA
36,TULCEA,161348,STEJARU
36,TULCEA,161384,TOPOLOG
36,TULCEA,161464,TURCOAIA
36,TULCEA,161543,VACARENI
36,TULCEA,161482,VALEA NUCARILOR
36,TULCEA,161561,VALEA TEILOR
37,VASLUI,161945,MUNICIPIUL VASLUI
37,VASLUI,161794,MUNICIPIUL BARLAD
37,VASLUI,161829,MUNICIPIUL HUSI
37,VASLUI,164981,ORAS MURGENI
37,VASLUI,161856,ORAS NEGRESTI
37,VASLUI,162014,ALBESTI
37,VASLUI,162069,ALEXANDRU VLAHUTA
37,VASLUI,162149,ARSURA
37,VASLUI,162327,BACANI
37,VASLUI,162381,BACESTI
37,VASLUI,162452,BALTENI
37,VASLUI,162194,BANCA
37,VASLUI,162498,BEREZENI
37,VASLUI,162559,BLAGESTI
37,VASLUI,162595,BOGDANA
37,VASLUI,162693,BOGDANESTI
37,VASLUI,162791,BOGDANITA
37,VASLUI,162871,BOTESTI
37,VASLUI,162924,BUNESTI-AVERESTI
37,VASLUI,167268,CIOCANI
37,VASLUI,163002,CODAESTI
37,VASLUI,163057,COROIESTI
37,VASLUI,163137,COSTESTI
37,VASLUI,167277,COZMESTI
37,VASLUI,163208,CRETESTI
37,VASLUI,163253,DANESTI
37,VASLUI,163324,DELENI
37,VASLUI,163379,DELESTI
37,VASLUI,164277,DIMITRIE CANTEMIR
37,VASLUI,167286,DODESTI
37,VASLUI,163486,DRAGOMIRESTI
37,VASLUI,163618,DRANCENI
37,VASLUI,163681,DUDA-EPURENI
37,VASLUI,163734,DUMESTI
37,VASLUI,163789,EPURENI
37,VASLUI,163832,FALCIU
37,VASLUI,167295,FERESTI
37,VASLUI,167231,FRUNTISENI
37,VASLUI,163903,GAGESTI
37,VASLUI,164062,GARCENI
37,VASLUI,163967,GHERGHESTI
37,VASLUI,164133,GRIVITA
37,VASLUI,164197,HOCENI
37,VASLUI,164339,IANA
37,VASLUI,167222,IBANESTI
37,VASLUI,164393,IVANESTI
37,VASLUI,164543,IVESTI
37,VASLUI,164598,LAZA
37,VASLUI,164687,LIPOVAT
37,VASLUI,164749,LUNCA BANULUI
37,VASLUI,164829,MALUSTENI
37,VASLUI,164892,MICLESTI
37,VASLUI,164936,MUNTENII DE JOS
37,VASLUI,167302,MUNTENII DE SUS
37,VASLUI,165069,OLTENESTI
37,VASLUI,165130,OSESTI
37,VASLUI,165185,PADURENI
37,VASLUI,165274,PERIENI
37,VASLUI,167311,POCHIDIA
37,VASLUI,165416,POGANA
37,VASLUI,167259,POGONESTI
37,VASLUI,165336,POIENESTI
37,VASLUI,165470,PUIESTI
37,VASLUI,165611,PUNGESTI
37,VASLUI,167320,PUSCASI
37,VASLUI,167240,RAFAILA
37,VASLUI,165719,REBRICEA
37,VASLUI,165817,ROSIESTI
37,VASLUI,165899,SOLESTI
37,VASLUI,165979,STANILESTI
37,VASLUI,166057,STEFAN CEL MARE
37,VASLUI,166137,SULETEA
37,VASLUI,166235,TACUTA
37,VASLUI,166182,TANACU
37,VASLUI,166315,TATARANI
37,VASLUI,166413,TODIRESTI
37,VASLUI,166529,TUTOVA
37,VASLUI,166636,VALENI
37,VASLUI,166672,VETRISOAIA
37,VASLUI,166707,VIISOARA
37,VASLUI,166770,VINDEREI
37,VASLUI,166869,VOINESTI
37,VASLUI,166985,VULTURESTI
37,VASLUI,167035,VUTCANI
37,VASLUI,167071,ZAPODENI
37,VASLUI,167179,ZORLENI
38,VALCEA,167473,MUNICIPIUL RAMNICU VALCEA
38,VALCEA,167981,MUNICIPIUL DRAGASANI
38,VALCEA,168372,ORAS BABENI
38,VALCEA,167641,ORAS BAILE GOVORA
38,VALCEA,167696,ORAS BAILE OLANESTI
38,VALCEA,168452,ORAS BALCESTI
38,VALCEA,168602,ORAS BERBESTI
38,VALCEA,167794,ORAS BREZOI
38,VALCEA,167909,ORAS CALIMANESTI
38,VALCEA,168041,ORAS HOREZU
38,VALCEA,168130,ORAS OCNELE MARI
38,VALCEA,168229,ALUNU
38,VALCEA,168309,AMARASTI
38,VALCEA,168559,BARBATESTI
38,VALCEA,168675,BERISLAVESTI
38,VALCEA,168755,BOISOARA
38,VALCEA,168791,BUDESTI
38,VALCEA,168880,BUJORENI
38,VALCEA,168960,BUNESTI
38,VALCEA,169119,CAINENI
38,VALCEA,169039,CERNISOARA
38,VALCEA,169182,COPACENI
38,VALCEA,169253,COSTESTI
38,VALCEA,169306,CRETENI
38,VALCEA,169351,DAESTI
38,VALCEA,169404,DANICEI
38,VALCEA,174502,DICULESTI
38,VALCEA,169547,DRAGOESTI
38,VALCEA,169681,FARTATESTI
38,VALCEA,169583,FAURESTI
38,VALCEA,169896,FRANCESTI
38,VALCEA,169994,GALICEA
38,VALCEA,170097,GHIOROIU
38,VALCEA,170168,GLAVILE
38,VALCEA,170220,GOLESTI
38,VALCEA,167589,GORANU
38,VALCEA,170346,GRADISTEA
38,VALCEA,170444,GUSOENI
38,VALCEA,170514,IONESTI
38,VALCEA,174511,LACUSTENI
38,VALCEA,170685,LADESTI
38,VALCEA,170612,LALOSU
38,VALCEA,170792,LAPUSATA
38,VALCEA,170872,LIVEZI
38,VALCEA,170952,LUNGESTI
38,VALCEA,171101,MACIUCA
38,VALCEA,171209,MADULARI
38,VALCEA,171021,MALAIA
38,VALCEA,171272,MALDARESTI
38,VALCEA,171067,MATEESTI
38,VALCEA,171325,MIHAESTI
38,VALCEA,171469,MILCOIU
38,VALCEA,174520,MITROFANI
38,VALCEA,171539,MUEREASCA
38,VALCEA,171628,NICOLAE BALCESCU
38,VALCEA,171806,OLANU
38,VALCEA,171879,ORLESTI
38,VALCEA,171931,OTESANI
38,VALCEA,171995,PAUSESTI
38,VALCEA,172082,PAUSESTI-MAGLASI
38,VALCEA,172153,PERISANI
38,VALCEA,172279,PESCEANA
38,VALCEA,172340,PIETRARI
38,VALCEA,172377,POPESTI
38,VALCEA,172457,PRUNDENI
38,VALCEA,172509,RACOVITA
38,VALCEA,172581,ROESTI
38,VALCEA,172698,ROSIILE
38,VALCEA,172812,RUNCU
38,VALCEA,172894,SALATRUCEL
38,VALCEA,172947,SCUNDU
38,VALCEA,172992,SINESTI
38,VALCEA,173686,SIRINEASA
38,VALCEA,173061,SLATIOARA
38,VALCEA,173132,STANESTI
38,VALCEA,173748,STEFANESTI
38,VALCEA,173230,STOENESTI
38,VALCEA,173374,STOILESTI
38,VALCEA,173533,STROESTI
38,VALCEA,173793,SUSANI
38,VALCEA,173597,SUTESTI
38,VALCEA,173855,TETOIU
38,VALCEA,174496,TITESTI
38,VALCEA,173935,TOMSANI
38,VALCEA,174021,VAIDEENI
38,VALCEA,174085,VALEA MARE
38,VALCEA,174156,VLADESTI
38,VALCEA,174218,VOICESTI
38,VALCEA,174254,VOINEASA
38,VALCEA,174290,ZATRENI
39,VRANCEA,174744,MUNICIPIUL FOCSANI
39,VRANCEA,174860,MUNICIPIUL ADJUD
39,VRANCEA,174922,ORAS MARASESTI
39,VRANCEA,175019,ORAS ODOBESTI
39,VRANCEA,175055,ORAS PANCIU
39,VRANCEA,175126,ANDREIASU DE JOS
39,VRANCEA,175206,BALESTI
39,VRANCEA,175224,BARSESTI
39,VRANCEA,178929,BILIESTI
39,VRANCEA,175260,BOGHESTI
39,VRANCEA,175368,BOLOTESTI
39,VRANCEA,175439,BORDESTI
39,VRANCEA,175466,BROSTENI
39,VRANCEA,174780,CAMPINEANCA
39,VRANCEA,175670,CAMPURI
39,VRANCEA,175732,CARLIGELE
39,VRANCEA,175509,CHIOJDENI
39,VRANCEA,175590,CIORASTI
39,VRANCEA,175787,CORBITA
39,VRANCEA,175885,COTESTI
39,VRANCEA,175938,DUMBRAVENI
39,VRANCEA,175983,DUMITRESTI
39,VRANCEA,176150,FITIONESTI
39,VRANCEA,176212,GAROAFA
39,VRANCEA,174824,GOLESTI
39,VRANCEA,178938,GOLOGANU
39,VRANCEA,176301,GUGESTI
39,VRANCEA,176338,GURA CALITEI
39,VRANCEA,176445,HOMOCEA
39,VRANCEA,176506,JARISTEA
39,VRANCEA,176551,JITIA
39,VRANCEA,176613,MAICANESTI
39,VRANCEA,176686,MERA
39,VRANCEA,176748,MILCOVUL
39,VRANCEA,176793,MOVILITA
39,VRANCEA,176855,NANESTI
39,VRANCEA,176891,NARUJA
39,VRANCEA,178885,NEGRILESTI
39,VRANCEA,176944,NEREJU
39,VRANCEA,177003,NISTORESTI
39,VRANCEA,178947,OBREJITA
39,VRANCEA,177101,PALTIN
39,VRANCEA,178910,PAULESTI
39,VRANCEA,177236,PAUNESTI
39,VRANCEA,178894,PLOSCUTENI
39,VRANCEA,177263,POIANA CRISTEI
39,VRANCEA,178901,POPESTI
39,VRANCEA,177352,PUFESTI
39,VRANCEA,177405,RACOASA
39,VRANCEA,178956,RASTOACA
39,VRANCEA,177469,REGHIU
39,VRANCEA,177557,RUGINESTI
39,VRANCEA,177600,SIHLEA
39,VRANCEA,177655,SLOBOZIA BRADULUI
39,VRANCEA,177726,SLOBOZIA CIORASTI
39,VRANCEA,177762,SOVEJA
39,VRANCEA,178965,SPULBER
39,VRANCEA,177799,STRAOANE
39,VRANCEA,177842,SURAIA
39,VRANCEA,178046,TAMBOESTI
39,VRANCEA,177879,TANASOAIA
39,VRANCEA,177986,TATARANU
39,VRANCEA,178180,TIFESTI
39,VRANCEA,178117,TULNICI
39,VRANCEA,178279,URECHESTI
39,VRANCEA,178313,VALEA SARII
39,VRANCEA,178607,VANATORI
39,VRANCEA,178689,VARTESCOIU
39,VRANCEA,178377,VIDRA
39,VRANCEA,178475,VINTILEASCA
39,VRANCEA,178545,VIZANTEA-LIVEZI
39,VRANCEA,178750,VRANCIOAIA
39,VRANCEA,178821,VULTURU
40,BUCURESTI,179132,MUNICIPIUL BUCURESTI
40,BUCURESTI,179141,BUCURESTI SECTORUL 1
40,BUCURESTI,179150,BUCURESTI SECTORUL 2
40,BUCURESTI,179169,BUCURESTI SECTORUL 3
40,BUCURESTI,179178,BUCURESTI SECTORUL 4
40,BUCURESTI,179187,BUCURESTI SECTORUL 5
40,BUCURESTI,179196,BUCURESTI SECTORUL 6
